{"type":"FeatureCollection","name":"avon_by_the_sea_road_centerlines","metadata":{"source":"NJOGIS NG911 Road Centerlines (Tran_road)","url":"https://services2.arcgis.com/XVOqAjTOJ5P6ngMu/arcgis/rest/services/Tran_road/FeatureServer/0","query_url":"https://services2.arcgis.com/XVOqAjTOJ5P6ngMu/arcgis/rest/services/Tran_road/FeatureServer/0/query","retrieved_at_utc":"2026-09-04T20:04:52.806703+00:00","source_last_edit_date":1785341586960,"out_sr":4326,"query_envelope_wgs84":[-74.0259549,40.1846464,-74.0069314,40.1974973],"spatial_relationship":"esriSpatialRelIntersects","boundary_file":"avon_by_the_sea_boundary.geojson","boundary_sha256":"99b0cbb8b8102e1f9f1c89d0b0effe6e2639a2998910bbe95b1abf60fe81d647","fields":["OBJECTID","PRIMENAME","ELEVTYP_F","ELEVTYP_T"],"feature_count":418,"complete_objectid_inventory_verified":true,"municipal_clipping":"Envelope selection only; clip against the actual municipal boundary in the application."},"features":[{"type":"Feature","id":1048,"properties":{"OBJECTID":1048,"PRIMENAME":"FR CO 40 A SB TO NJ 35 SB","ELEVTYP_F":0,"ELEVTYP_T":0},"geometry":{"type":"LineString","coordinates":[[-74.0237762297181,40.1912711137495],[-74.0238505207908,40.1911653657427],[-74.0239368654645,40.1910625539173],[-74.0239588628797,40.1910406516094],[-74.0239821079143,40.1910195207484],[-74.0240065546245,40.1909992030983],[-74.024032154692,40.1909797388157],[-74.0240588575188,40.1909611663706],[-74.0240866103277,40.1909435224702],[-74.0241153582663,40.1909268419866],[-74.0241450445154,40.1909111578876],[-74.0243023938525,40.1908361721602]]}},{"type":"Feature","id":1565,"properties":{"OBJECTID":1565,"PRIMENAME":"Railroad Avenue","ELEVTYP_F":0,"ELEVTYP_T":0},"geometry":{"type":"LineString","coordinates":[[-74.0221309205226,40.1944635486783],[-74.0222874660887,40.1940148500419],[-74.0223051805132,40.1939544725629]]}},{"type":"Feature","id":1588,"properties":{"OBJECTID":1588,"PRIMENAME":"Patriot Lane","ELEVTYP_F":0,"ELEVTYP_T":0},"geometry":{"type":"LineString","coordinates":[[-74.0099166157708,40.1933736236393],[-74.0098530105023,40.1938100697458],[-74.0098406200602,40.1938951760433]]}},{"type":"Feature","id":1793,"properties":{"OBJECTID":1793,"PRIMENAME":"Washington Avenue","ELEVTYP_F":0,"ELEVTYP_T":0},"geometry":{"type":"LineString","coordinates":[[-74.0218478103307,40.1895978841362],[-74.0216666004816,40.1895839586766]]}},{"type":"Feature","id":3853,"properties":{"OBJECTID":3853,"PRIMENAME":"4th Avenue","ELEVTYP_F":0,"ELEVTYP_T":0},"geometry":{"type":"LineString","coordinates":[[-74.0186932835085,40.1893544573377],[-74.0187494263608,40.188881324635]]}},{"type":"Feature","id":4884,"properties":{"OBJECTID":4884,"PRIMENAME":"4th Avenue","ELEVTYP_F":0,"ELEVTYP_T":0},"geometry":{"type":"LineString","coordinates":[[-74.0187494263608,40.188881324635],[-74.0187836906592,40.1885928249402],[-74.0188005155467,40.1884511573936],[-74.0188254331672,40.1882413351436]]}},{"type":"Feature","id":5688,"properties":{"OBJECTID":5688,"PRIMENAME":"West End Avenue","ELEVTYP_F":0,"ELEVTYP_T":0},"geometry":{"type":"LineString","coordinates":[[-74.020676620383,40.1954981548285],[-74.0207481222723,40.1955473718859]]}},{"type":"Feature","id":6372,"properties":{"OBJECTID":6372,"PRIMENAME":"Washington Avenue","ELEVTYP_F":0,"ELEVTYP_T":0},"geometry":{"type":"LineString","coordinates":[[-74.0207584440001,40.1895142067181],[-74.0195689787838,40.1894228559598],[-74.0186932835085,40.1893544573377]]}},{"type":"Feature","id":6718,"properties":{"OBJECTID":6718,"PRIMENAME":"Unnamed Segment","ELEVTYP_F":0,"ELEVTYP_T":0},"geometry":{"type":"LineString","coordinates":[[-74.0242376858423,40.1964898285726],[-74.0241303000955,40.1964674521734],[-74.0234538497924,40.1963264736731],[-74.0233712015743,40.196309249381]]}},{"type":"Feature","id":8252,"properties":{"OBJECTID":8252,"PRIMENAME":"Seaboard Way","ELEVTYP_F":0,"ELEVTYP_T":0},"geometry":{"type":"LineString","coordinates":[[-74.0233712015743,40.196309249381],[-74.0231832062954,40.1968067128741],[-74.0231594239518,40.1968696458954]]}},{"type":"Feature","id":8398,"properties":{"OBJECTID":8398,"PRIMENAME":"C Street","ELEVTYP_F":0,"ELEVTYP_T":0},"geometry":{"type":"LineString","coordinates":[[-74.0172382685324,40.1851864683699],[-74.0171918930243,40.1853158236864],[-74.0171577136756,40.1854112716675]]}},{"type":"Feature","id":9370,"properties":{"OBJECTID":9370,"PRIMENAME":"Washington Lane","ELEVTYP_F":0,"ELEVTYP_T":0},"geometry":{"type":"LineString","coordinates":[[-74.0219186061013,40.189079020064],[-74.021850131364,40.189073521459],[-74.0209308771087,40.1889998259982],[-74.0208273067869,40.1889914912355]]}},{"type":"Feature","id":15861,"properties":{"OBJECTID":15861,"PRIMENAME":"Woodland Avenue","ELEVTYP_F":0,"ELEVTYP_T":0},"geometry":{"type":"LineString","coordinates":[[-74.0158996769335,40.1933245379414],[-74.0171705665138,40.1934121481917],[-74.0181512156499,40.1934934587982]]}},{"type":"Feature","id":18265,"properties":{"OBJECTID":18265,"PRIMENAME":"South Concourse","ELEVTYP_F":0,"ELEVTYP_T":0},"geometry":{"type":"LineString","coordinates":[[-74.0251549844396,40.1882439584327],[-74.0265244606536,40.1885321219504],[-74.0278896126339,40.1888236715027],[-74.0281843661922,40.188889084999]]}},{"type":"Feature","id":22598,"properties":{"OBJECTID":22598,"PRIMENAME":"Woodland Lane","ELEVTYP_F":0,"ELEVTYP_T":0},"geometry":{"type":"LineString","coordinates":[[-74.0118349167695,40.1924811730253],[-74.0137458011383,40.1926301841549],[-74.0139126308218,40.192643375324]]}},{"type":"Feature","id":23004,"properties":{"OBJECTID":23004,"PRIMENAME":"Railroad Avenue","ELEVTYP_F":0,"ELEVTYP_T":0},"geometry":{"type":"LineString","coordinates":[[-74.0224886914087,40.1934683582666],[-74.0226994255582,40.1928774578901],[-74.0226859270844,40.1928761656092]]}},{"type":"Feature","id":29103,"properties":{"OBJECTID":29103,"PRIMENAME":"Garfield Avenue","ELEVTYP_F":0,"ELEVTYP_T":0},"geometry":{"type":"LineString","coordinates":[[-74.0120484977678,40.1909260308807],[-74.0104500074309,40.1907994790844]]}},{"type":"Feature","id":32126,"properties":{"OBJECTID":32126,"PRIMENAME":"Woodland Avenue","ELEVTYP_F":0,"ELEVTYP_T":0},"geometry":{"type":"LineString","coordinates":[[-74.0101734818776,40.1928639274751],[-74.0117683573916,40.1929819024676]]}},{"type":"Feature","id":40142,"properties":{"OBJECTID":40142,"PRIMENAME":"5th Avenue","ELEVTYP_F":0,"ELEVTYP_T":0},"geometry":{"type":"LineString","coordinates":[[-74.020417550359,40.1921072327458],[-74.0203652361019,40.1925056006468],[-74.0203495935554,40.1926274529757]]}},{"type":"Feature","id":41746,"properties":{"OBJECTID":41746,"PRIMENAME":"Ocean Avenue","ELEVTYP_F":0,"ELEVTYP_T":0},"geometry":{"type":"LineString","coordinates":[[-74.0090574726874,40.1955511488375],[-74.0090737997118,40.1956306097927],[-74.0090792404459,40.1957497767287],[-74.0090639417416,40.1958358586187]]}},{"type":"Feature","id":43217,"properties":{"OBJECTID":43217,"PRIMENAME":"Berry Avenue","ELEVTYP_F":0,"ELEVTYP_T":0},"geometry":{"type":"LineString","coordinates":[[-74.0221224409919,40.1910764919335],[-74.0222080903915,40.1910833240091]]}},{"type":"Feature","id":43377,"properties":{"OBJECTID":43377,"PRIMENAME":"Washington Avenue","ELEVTYP_F":0,"ELEVTYP_T":0},"geometry":{"type":"LineString","coordinates":[[-74.0123282774589,40.1888529714583],[-74.0111405751489,40.1887584396264],[-74.0101592798534,40.1886780279808],[-74.0100814340437,40.1886716595482]]}},{"type":"Feature","id":43807,"properties":{"OBJECTID":43807,"PRIMENAME":"East End Avenue","ELEVTYP_F":0,"ELEVTYP_T":0},"geometry":{"type":"LineString","coordinates":[[-74.0088601078081,40.1944107256088],[-74.0089968522261,40.1944215454374],[-74.0109841794165,40.1945789333783],[-74.0114131372348,40.1946129004585],[-74.0115540318467,40.1946240644299]]}},{"type":"Feature","id":43979,"properties":{"OBJECTID":43979,"PRIMENAME":"Berry Avenue","ELEVTYP_F":0,"ELEVTYP_T":0},"geometry":{"type":"LineString","coordinates":[[-74.0230167805607,40.1911399850423],[-74.0230681885763,40.1911435878823],[-74.0232461914912,40.1911560703749],[-74.0232615396901,40.1911571495421]]}},{"type":"Feature","id":44925,"properties":{"OBJECTID":44925,"PRIMENAME":"Bradley Boulevard","ELEVTYP_F":0,"ELEVTYP_T":0},"geometry":{"type":"LineString","coordinates":[[-74.0178282931623,40.1957258777433],[-74.0181564786834,40.1958403490721],[-74.0194481799469,40.1963286372674]]}},{"type":"Feature","id":44949,"properties":{"OBJECTID":44949,"PRIMENAME":"Laird Avenue","ELEVTYP_F":0,"ELEVTYP_T":0},"geometry":{"type":"LineString","coordinates":[[-74.0227905188871,40.1951620009627],[-74.0225587306817,40.1958088724021]]}},{"type":"Feature","id":45661,"properties":{"OBJECTID":45661,"PRIMENAME":"Memorial Drive","ELEVTYP_F":0,"ELEVTYP_T":0},"geometry":{"type":"LineString","coordinates":[[-74.0231418116764,40.1927602469004],[-74.023161834316,40.1927075381219]]}},{"type":"Feature","id":45778,"properties":{"OBJECTID":45778,"PRIMENAME":"Madison Avenue","ELEVTYP_F":0,"ELEVTYP_T":0},"geometry":{"type":"LineString","coordinates":[[-74.014201218718,40.1974212027245],[-74.0144544919669,40.1964642526333]]}},{"type":"Feature","id":46025,"properties":{"OBJECTID":46025,"PRIMENAME":"Norwood Avenue","ELEVTYP_F":0,"ELEVTYP_T":0},"geometry":{"type":"LineString","coordinates":[[-74.0210193358209,40.1947793265385],[-74.0209287311946,40.1947688496607]]}},{"type":"Feature","id":47046,"properties":{"OBJECTID":47046,"PRIMENAME":"Madison Avenue","ELEVTYP_F":0,"ELEVTYP_T":0},"geometry":{"type":"LineString","coordinates":[[-74.0144544919669,40.1964642526333],[-74.0146033841849,40.1959017692886],[-74.0146282553619,40.1958077657321]]}},{"type":"Feature","id":47202,"properties":{"OBJECTID":47202,"PRIMENAME":"Burlington Avenue","ELEVTYP_F":0,"ELEVTYP_T":0},"geometry":{"type":"LineString","coordinates":[[-74.0153042719049,40.195734828911],[-74.0156541137306,40.195848958469],[-74.0174378799219,40.1964308541744]]}},{"type":"Feature","id":47831,"properties":{"OBJECTID":47831,"PRIMENAME":"2nd Avenue","ELEVTYP_F":0,"ELEVTYP_T":0},"geometry":{"type":"LineString","coordinates":[[-74.0141160235973,40.1910897249016],[-74.0141864649659,40.1905689422659]]}},{"type":"Feature","id":49425,"properties":{"OBJECTID":49425,"PRIMENAME":"Inlet Terrace","ELEVTYP_F":0,"ELEVTYP_T":0},"geometry":{"type":"LineString","coordinates":[[-74.0148713676192,40.1857597510706],[-74.0149021423022,40.1857256462419],[-74.014976335393,40.1856665494276]]}},{"type":"Feature","id":50090,"properties":{"OBJECTID":50090,"PRIMENAME":"Norwood Avenue","ELEVTYP_F":0,"ELEVTYP_T":0},"geometry":{"type":"LineString","coordinates":[[-74.0098406200602,40.1938951760433],[-74.0095974369886,40.1938759993498],[-74.0090126456308,40.1938298982437]]}},{"type":"Feature","id":50469,"properties":{"OBJECTID":50469,"PRIMENAME":"Lakeside Avenue","ELEVTYP_F":0,"ELEVTYP_T":0},"geometry":{"type":"LineString","coordinates":[[-74.0136176468228,40.1948747749857],[-74.0143857910773,40.194923845883]]}},{"type":"Feature","id":50745,"properties":{"OBJECTID":50745,"PRIMENAME":"Sylvania Avenue","ELEVTYP_F":0,"ELEVTYP_T":0},"geometry":{"type":"LineString","coordinates":[[-74.0160405254411,40.1922896140035],[-74.0151993648126,40.1922230085487],[-74.0139790376761,40.1921166738975]]}},{"type":"Feature","id":50761,"properties":{"OBJECTID":50761,"PRIMENAME":"Marine Place","ELEVTYP_F":0,"ELEVTYP_T":0},"geometry":{"type":"LineString","coordinates":[[-74.0215965364109,40.1901103200873],[-74.0215279799599,40.190625707507]]}},{"type":"Feature","id":51228,"properties":{"OBJECTID":51228,"PRIMENAME":"3rd Avenue","ELEVTYP_F":0,"ELEVTYP_T":0},"geometry":{"type":"LineString","coordinates":[[-74.0161824923873,40.1912526903753],[-74.0161619691659,40.1914025786776],[-74.0161113207206,40.1917725101166]]}},{"type":"Feature","id":52013,"properties":{"OBJECTID":52013,"PRIMENAME":"River Avenue","ELEVTYP_F":0,"ELEVTYP_T":0},"geometry":{"type":"LineString","coordinates":[[-74.0171577136756,40.1854112716675],[-74.0181729816549,40.1854247803004],[-74.0181944091574,40.1854248694771],[-74.0183631846509,40.1854255717454]]}},{"type":"Feature","id":53825,"properties":{"OBJECTID":53825,"PRIMENAME":"3rd Avenue","ELEVTYP_F":0,"ELEVTYP_T":0},"geometry":{"type":"LineString","coordinates":[[-74.0161113207206,40.1917725101166],[-74.0160405254411,40.1922896140035]]}},{"type":"Feature","id":57034,"properties":{"OBJECTID":57034,"PRIMENAME":"Holly Street","ELEVTYP_F":0,"ELEVTYP_T":0},"geometry":{"type":"LineString","coordinates":[[-74.0234871555317,40.1960025049317],[-74.0233712015743,40.196309249381]]}},{"type":"Feature","id":57155,"properties":{"OBJECTID":57155,"PRIMENAME":"Pacific Avenue","ELEVTYP_F":0,"ELEVTYP_T":0},"geometry":{"type":"LineString","coordinates":[[-74.019090281549,40.1969686363563],[-74.0185961509227,40.1978521477475]]}},{"type":"Feature","id":57397,"properties":{"OBJECTID":57397,"PRIMENAME":"Sylvania Avenue","ELEVTYP_F":0,"ELEVTYP_T":0},"geometry":{"type":"LineString","coordinates":[[-74.0103008395847,40.1918252742479],[-74.0100270710984,40.1918011315578],[-74.0096838361429,40.1917708603559],[-74.0095540823723,40.191759411665]]}},{"type":"Feature","id":58198,"properties":{"OBJECTID":58198,"PRIMENAME":"Bradley Street","ELEVTYP_F":0,"ELEVTYP_T":0},"geometry":{"type":"LineString","coordinates":[[-74.0266446935434,40.1955248805593],[-74.0265291464203,40.1956003420981],[-74.0262607215591,40.195775599601],[-74.0261734625922,40.195808597157],[-74.0261049562549,40.195827368705],[-74.0260303219708,40.1958365895907],[-74.0259495908768,40.1958267325963],[-74.0254789537915,40.1957267993233]]}},{"type":"Feature","id":60080,"properties":{"OBJECTID":60080,"PRIMENAME":"Sylvania Lane","ELEVTYP_F":0,"ELEVTYP_T":0},"geometry":{"type":"LineString","coordinates":[[-74.0140460712584,40.1916071598891],[-74.0119810606975,40.1914447937979]]}},{"type":"Feature","id":60702,"properties":{"OBJECTID":60702,"PRIMENAME":"3rd Avenue","ELEVTYP_F":0,"ELEVTYP_T":0},"geometry":{"type":"LineString","coordinates":[[-74.0172382685324,40.1851864683699],[-74.0152979254186,40.1847740656178]]}},{"type":"Feature","id":61325,"properties":{"OBJECTID":61325,"PRIMENAME":"Norwood Avenue","ELEVTYP_F":0,"ELEVTYP_T":0},"geometry":{"type":"LineString","coordinates":[[-74.0200737691457,40.1946998609107],[-74.0195023240577,40.1946578220684]]}},{"type":"Feature","id":61523,"properties":{"OBJECTID":61523,"PRIMENAME":"Jefferson Avenue","ELEVTYP_F":0,"ELEVTYP_T":0},"geometry":{"type":"LineString","coordinates":[[-74.020892083475,40.1885000554225],[-74.0210029331136,40.1884758338085],[-74.0214115811583,40.1885112235416]]}},{"type":"Feature","id":61634,"properties":{"OBJECTID":61634,"PRIMENAME":"Inlet Terrace","ELEVTYP_F":0,"ELEVTYP_T":0},"geometry":{"type":"LineString","coordinates":[[-74.0135823636755,40.1865708508267],[-74.0137772488808,40.186612205288],[-74.0139386162193,40.1866414883537],[-74.0140007543473,40.1866417492228],[-74.0140754821483,40.1866182337288],[-74.0141504830915,40.1865613646146]]}},{"type":"Feature","id":62517,"properties":{"OBJECTID":62517,"PRIMENAME":"South Station Avenue","ELEVTYP_F":0,"ELEVTYP_T":0},"geometry":{"type":"LineString","coordinates":[[-74.0233111094073,40.1903405007721],[-74.0233415776659,40.1902629628041],[-74.0234370283791,40.1900200428613]]}},{"type":"Feature","id":64810,"properties":{"OBJECTID":64810,"PRIMENAME":"Unnamed Segment","ELEVTYP_F":0,"ELEVTYP_T":0},"geometry":{"type":"LineString","coordinates":[[-74.0223024479545,40.1928394422351],[-74.0222833052772,40.1928376105304],[-74.0221099333992,40.1933836955018]]}},{"type":"Feature","id":65682,"properties":{"OBJECTID":65682,"PRIMENAME":"Railroad Avenue","ELEVTYP_F":0,"ELEVTYP_T":0},"geometry":{"type":"LineString","coordinates":[[-74.0227672726719,40.1917633136754],[-74.0229456929434,40.1917769638252],[-74.0229953776655,40.1917771685553],[-74.0230328116643,40.1917582708139],[-74.0230704753502,40.1917012151102],[-74.0231651480626,40.191431635874],[-74.0232615396901,40.1911571495421]]}},{"type":"Feature","id":65956,"properties":{"OBJECTID":65956,"PRIMENAME":"Patriot Lane","ELEVTYP_F":0,"ELEVTYP_T":0},"geometry":{"type":"LineString","coordinates":[[-74.0102356983314,40.1923564543487],[-74.0102958585298,40.1918658006502],[-74.0103008395847,40.1918252742479]]}},{"type":"Feature","id":66891,"properties":{"OBJECTID":66891,"PRIMENAME":"Steiner Avenue","ELEVTYP_F":0,"ELEVTYP_T":0},"geometry":{"type":"LineString","coordinates":[[-74.0251072372684,40.1941016993603],[-74.0250622091994,40.1942290600733],[-74.024965615794,40.1945124960389]]}},{"type":"Feature","id":67991,"properties":{"OBJECTID":67991,"PRIMENAME":"FR CO 40 A SB TO NJ 35 SB","ELEVTYP_F":0,"ELEVTYP_T":0},"geometry":{"type":"LineString","coordinates":[[-74.0243023938525,40.1908361721602],[-74.024350917441,40.1908130251361],[-74.0244481789703,40.1907666301308],[-74.0247069035966,40.190655740509],[-74.0247417225403,40.1906392093835],[-74.0247752825388,40.1906212119286]]}},{"type":"Feature","id":71494,"properties":{"OBJECTID":71494,"PRIMENAME":"3rd Avenue","ELEVTYP_F":0,"ELEVTYP_T":0},"geometry":{"type":"LineString","coordinates":[[-74.016322319577,40.1902139732036],[-74.0162533884697,40.1907311671148]]}},{"type":"Feature","id":72558,"properties":{"OBJECTID":72558,"PRIMENAME":"Atlantic Avenue","ELEVTYP_F":0,"ELEVTYP_T":0},"geometry":{"type":"LineString","coordinates":[[-74.0169499083429,40.1973119416364],[-74.0174378799219,40.1964308541744]]}},{"type":"Feature","id":73243,"properties":{"OBJECTID":73243,"PRIMENAME":"Norwood Lane","ELEVTYP_F":0,"ELEVTYP_T":0},"geometry":{"type":"LineString","coordinates":[[-74.0180857088918,40.1940239545298],[-74.0159744832587,40.1938549057946],[-74.0158328012057,40.1938437718311]]}},{"type":"Feature","id":74630,"properties":{"OBJECTID":74630,"PRIMENAME":"5th Avenue","ELEVTYP_F":0,"ELEVTYP_T":0},"geometry":{"type":"LineString","coordinates":[[-74.0206216955136,40.1905525027092],[-74.0205531198743,40.1910746697012]]}},{"type":"Feature","id":74848,"properties":{"OBJECTID":74848,"PRIMENAME":"McClelland Place","ELEVTYP_F":0,"ELEVTYP_T":0},"geometry":{"type":"LineString","coordinates":[[-74.0254789537915,40.1957267993233],[-74.0254525546782,40.1958008679508],[-74.0249644241086,40.1971714962446],[-74.0249379141083,40.1972459758877]]}},{"type":"Feature","id":75015,"properties":{"OBJECTID":75015,"PRIMENAME":"Rosewood Place","ELEVTYP_F":0,"ELEVTYP_T":0},"geometry":{"type":"LineString","coordinates":[[-74.0249379141083,40.1972459758877],[-74.0251934995525,40.197301133357],[-74.0253175950206,40.1973302206604],[-74.0254105501801,40.1973687057007],[-74.0254971788729,40.197426299557],[-74.0255650207529,40.1974980641194],[-74.0256328658961,40.1975746058304],[-74.0256870508965,40.197654055651]]}},{"type":"Feature","id":75275,"properties":{"OBJECTID":75275,"PRIMENAME":"Poole Avenue","ELEVTYP_F":0,"ELEVTYP_T":0},"geometry":{"type":"LineString","coordinates":[[-74.0232492666859,40.187679893293],[-74.0229714073883,40.1877693422656],[-74.0222114791382,40.1880140509918],[-74.021962288091,40.1881035609032],[-74.0218004115368,40.1881458005488],[-74.0214706695173,40.1882063991136],[-74.0214392619438,40.1882491504467],[-74.0214196082251,40.188392069444],[-74.0214115811583,40.1885112235416]]}},{"type":"Feature","id":75921,"properties":{"OBJECTID":75921,"PRIMENAME":"2nd Avenue","ELEVTYP_F":0,"ELEVTYP_T":0},"geometry":{"type":"LineString","coordinates":[[-74.0120703344647,40.1978887630965],[-74.0112868189105,40.1976454914976],[-74.0106396732882,40.1974445643948],[-74.0102096466443,40.1973110447421]]}},{"type":"Feature","id":77035,"properties":{"OBJECTID":77035,"PRIMENAME":"Garfield Avenue","ELEVTYP_F":0,"ELEVTYP_T":0},"geometry":{"type":"LineString","coordinates":[[-74.0184180887777,40.1914288690516],[-74.0181918790093,40.1914110446688],[-74.0161824923873,40.1912526903753]]}},{"type":"Feature","id":77328,"properties":{"OBJECTID":77328,"PRIMENAME":"Laird Avenue","ELEVTYP_F":0,"ELEVTYP_T":0},"geometry":{"type":"LineString","coordinates":[[-74.0231996265606,40.1941453597491],[-74.0230948220614,40.1943375355038],[-74.0230569901699,40.1944183926204],[-74.0229613626788,40.1946852773727]]}},{"type":"Feature","id":78376,"properties":{"OBJECTID":78376,"PRIMENAME":"Bradley Boulevard","ELEVTYP_F":0,"ELEVTYP_T":0},"geometry":{"type":"LineString","coordinates":[[-74.0104834665391,40.1962776249527],[-74.0105004514217,40.1962057428293],[-74.0105038532437,40.1961878824376],[-74.0105142174046,40.1961334643056],[-74.0105654934285,40.1961119109131],[-74.0106273140119,40.1961028106593],[-74.0107774840785,40.1960939198502],[-74.0121388603079,40.196024855963],[-74.0125785449459,40.1959904712528]]}},{"type":"Feature","id":78593,"properties":{"OBJECTID":78593,"PRIMENAME":"3rd Avenue","ELEVTYP_F":0,"ELEVTYP_T":0},"geometry":{"type":"LineString","coordinates":[[-74.0162533884697,40.1907311671148],[-74.0162360688338,40.1908613026183],[-74.0161824923873,40.1912526903753]]}},{"type":"Feature","id":78713,"properties":{"OBJECTID":78713,"PRIMENAME":"Norwood Lane","ELEVTYP_F":0,"ELEVTYP_T":0},"geometry":{"type":"LineString","coordinates":[[-74.0117003595436,40.1935184789066],[-74.0100176860526,40.1933818206826],[-74.0099166157708,40.1933736236393]]}},{"type":"Feature","id":79971,"properties":{"OBJECTID":79971,"PRIMENAME":"Jefferson Avenue","ELEVTYP_F":0,"ELEVTYP_T":0},"geometry":{"type":"LineString","coordinates":[[-74.0229071864292,40.1886334234864],[-74.0229968064824,40.1886403271814]]}},{"type":"Feature","id":82013,"properties":{"OBJECTID":82013,"PRIMENAME":"Sylvania Lane","ELEVTYP_F":0,"ELEVTYP_T":0},"geometry":{"type":"LineString","coordinates":[[-74.0161113207206,40.1917725101166],[-74.0141653161655,40.1916165275223],[-74.0140460712584,40.1916071598891]]}},{"type":"Feature","id":82092,"properties":{"OBJECTID":82092,"PRIMENAME":"Washington Avenue","ELEVTYP_F":0,"ELEVTYP_T":0},"geometry":{"type":"LineString","coordinates":[[-74.0235514679415,40.1897287194301],[-74.023438591336,40.1897200469755],[-74.023426141053,40.189719089644]]}},{"type":"Feature","id":82384,"properties":{"OBJECTID":82384,"PRIMENAME":"Garfield Avenue","ELEVTYP_F":0,"ELEVTYP_T":0},"geometry":{"type":"LineString","coordinates":[[-74.0204856759064,40.1915884136761],[-74.0188364665681,40.1914618224964],[-74.0184180887777,40.1914288690516]]}},{"type":"Feature","id":82469,"properties":{"OBJECTID":82469,"PRIMENAME":"Washington Avenue","ELEVTYP_F":0,"ELEVTYP_T":0},"geometry":{"type":"LineString","coordinates":[[-74.0225799469407,40.1896541095042],[-74.0218478103307,40.1895978841362]]}},{"type":"Feature","id":83522,"properties":{"OBJECTID":83522,"PRIMENAME":"3rd Avenue","ELEVTYP_F":0,"ELEVTYP_T":0},"geometry":{"type":"LineString","coordinates":[[-74.0158996769335,40.1933245379414],[-74.0158328012057,40.1938437718311]]}},{"type":"Feature","id":83572,"properties":{"OBJECTID":83572,"PRIMENAME":"3rd Avenue","ELEVTYP_F":0,"ELEVTYP_T":0},"geometry":{"type":"LineString","coordinates":[[-74.0165423828372,40.1885621615627],[-74.0165209062716,40.1887233287788]]}},{"type":"Feature","id":83870,"properties":{"OBJECTID":83870,"PRIMENAME":"Main Street","ELEVTYP_F":0,"ELEVTYP_T":0},"geometry":{"type":"LineString","coordinates":[[-74.0235935622836,40.1853943966383],[-74.0235767769612,40.1855126466618],[-74.0235465991959,40.1857245857155],[-74.0235052615779,40.1860148817551],[-74.0234689280007,40.1862700332765],[-74.0233397988992,40.1871590270713],[-74.0233122216031,40.1873488813332],[-74.0232828649429,40.1875489725396],[-74.0232492666859,40.187679893293]]}},{"type":"Feature","id":85582,"properties":{"OBJECTID":85582,"PRIMENAME":"2nd Avenue","ELEVTYP_F":0,"ELEVTYP_T":0},"geometry":{"type":"LineString","coordinates":[[-74.0109771489244,40.1849430403247],[-74.0110176058421,40.184951528949],[-74.0130011773722,40.1853675618799]]}},{"type":"Feature","id":85876,"properties":{"OBJECTID":85876,"PRIMENAME":"1st Avenue","ELEVTYP_F":0,"ELEVTYP_T":0},"geometry":{"type":"LineString","coordinates":[[-74.0119810606975,40.1914447937979],[-74.0119697359612,40.1915315783094],[-74.011910017355,40.1919522028297]]}},{"type":"Feature","id":87973,"properties":{"OBJECTID":87973,"PRIMENAME":"2nd Avenue","ELEVTYP_F":0,"ELEVTYP_T":0},"geometry":{"type":"LineString","coordinates":[[-74.01432628779,40.1895348938119],[-74.0143597699252,40.1892872747558],[-74.0143939830922,40.1890173111926]]}},{"type":"Feature","id":88051,"properties":{"OBJECTID":88051,"PRIMENAME":"Sylvania Lane","ELEVTYP_F":0,"ELEVTYP_T":0},"geometry":{"type":"LineString","coordinates":[[-74.0211387398413,40.192161115269],[-74.0210599191233,40.1921552167314],[-74.020417550359,40.1921072327458]]}},{"type":"Feature","id":89363,"properties":{"OBJECTID":89363,"PRIMENAME":"South Station Avenue","ELEVTYP_F":0,"ELEVTYP_T":0},"geometry":{"type":"LineString","coordinates":[[-74.023704893844,40.1887004264209],[-74.0237501989041,40.1887064050484],[-74.023453697284,40.1896330291689],[-74.023426141053,40.189719089644]]}},{"type":"Feature","id":89427,"properties":{"OBJECTID":89427,"PRIMENAME":"Field Street","ELEVTYP_F":0,"ELEVTYP_T":0},"geometry":{"type":"LineString","coordinates":[[-74.020624259799,40.1957706522901],[-74.0207398222093,40.1957957561061],[-74.0214783094627,40.1959560597756]]}},{"type":"Feature","id":89523,"properties":{"OBJECTID":89523,"PRIMENAME":"4th Avenue","ELEVTYP_F":0,"ELEVTYP_T":0},"geometry":{"type":"LineString","coordinates":[[-74.0184180887777,40.1914288690516],[-74.018420336214,40.1914119952495],[-74.0184874991815,40.1909076129355]]}},{"type":"Feature","id":89721,"properties":{"OBJECTID":89721,"PRIMENAME":"Bachelor Place","ELEVTYP_F":0,"ELEVTYP_T":0},"geometry":{"type":"LineString","coordinates":[[-74.0223839507161,40.1902682397782],[-74.0224738543917,40.1902756935609]]}},{"type":"Feature","id":89892,"properties":{"OBJECTID":89892,"PRIMENAME":"Garfield Avenue","ELEVTYP_F":0,"ELEVTYP_T":0},"geometry":{"type":"LineString","coordinates":[[-74.0212098180691,40.1916440102579],[-74.0204856759064,40.1915884136761]]}},{"type":"Feature","id":92116,"properties":{"OBJECTID":92116,"PRIMENAME":"FR RAMP B102220 to CO 40 SB","ELEVTYP_F":0,"ELEVTYP_T":0},"geometry":{"type":"LineString","coordinates":[[-74.0216307046727,40.1927417688199],[-74.0216783950862,40.192750942901]]}},{"type":"Feature","id":92635,"properties":{"OBJECTID":92635,"PRIMENAME":"Woodland Avenue","ELEVTYP_F":0,"ELEVTYP_T":0},"geometry":{"type":"LineString","coordinates":[[-74.0202132067599,40.1936634166584],[-74.0211147921493,40.1937335852837],[-74.0212645052458,40.193753338431]]}},{"type":"Feature","id":95928,"properties":{"OBJECTID":95928,"PRIMENAME":"FR RT 35 SB to NJ 71","ELEVTYP_F":0,"ELEVTYP_T":0},"geometry":{"type":"LineString","coordinates":[[-74.0230932491986,40.1926263867126],[-74.0230715362072,40.1926229683687],[-74.0229626746187,40.1926180452843],[-74.0228537558607,40.1926160868835],[-74.0227467579593,40.1926261053666],[-74.0226358483794,40.1926375622109],[-74.0225015248242,40.1926593819131],[-74.0223847282065,40.1926782817292],[-74.0222387247685,40.1927015633698],[-74.0221025006312,40.1927188722915],[-74.0220110798336,40.1927229694129],[-74.0218885845116,40.1927224635777],[-74.0218127774846,40.1927206409423],[-74.0216783950862,40.192750942901]]}},{"type":"Feature","id":96676,"properties":{"OBJECTID":96676,"PRIMENAME":"2nd Avenue","ELEVTYP_F":0,"ELEVTYP_T":0},"geometry":{"type":"LineString","coordinates":[[-74.0137085990585,40.1941999602735],[-74.0137784168757,40.1936822225381]]}},{"type":"Feature","id":96882,"properties":{"OBJECTID":96882,"PRIMENAME":"Woodland Avenue","ELEVTYP_F":0,"ELEVTYP_T":0},"geometry":{"type":"LineString","coordinates":[[-74.0138496413718,40.1931428311985],[-74.0157729078843,40.1933157719932],[-74.0158996769335,40.1933245379414]]}},{"type":"Feature","id":97357,"properties":{"OBJECTID":97357,"PRIMENAME":"FR RT 35 SB to NJ 71","ELEVTYP_F":1,"ELEVTYP_T":0},"geometry":{"type":"LineString","coordinates":[[-74.0231867051312,40.1926422479664],[-74.0231589290235,40.1926367259088],[-74.0230932491986,40.1926263867126]]}},{"type":"Feature","id":99963,"properties":{"OBJECTID":99963,"PRIMENAME":"Marine Place","ELEVTYP_F":0,"ELEVTYP_T":0},"geometry":{"type":"LineString","coordinates":[[-74.0211387398413,40.192161115269],[-74.0210796226575,40.1925908618861],[-74.021067210178,40.1926811293019]]}},{"type":"Feature","id":101390,"properties":{"OBJECTID":101390,"PRIMENAME":"2nd Avenue","ELEVTYP_F":0,"ELEVTYP_T":0},"geometry":{"type":"LineString","coordinates":[[-74.0141864649659,40.1905689422659],[-74.0142579259806,40.1900405594179]]}},{"type":"Feature","id":101652,"properties":{"OBJECTID":101652,"PRIMENAME":"Evergreen Avenue","ELEVTYP_F":0,"ELEVTYP_T":0},"geometry":{"type":"LineString","coordinates":[[-74.0104834665391,40.1962776249527],[-74.0112365827353,40.1965119578738],[-74.0123478379345,40.1968521976188]]}},{"type":"Feature","id":101701,"properties":{"OBJECTID":101701,"PRIMENAME":"5th Avenue","ELEVTYP_F":0,"ELEVTYP_T":0},"geometry":{"type":"LineString","coordinates":[[-74.0207584440001,40.1895142067181],[-74.0206894293099,40.1900379914841]]}},{"type":"Feature","id":103342,"properties":{"OBJECTID":103342,"PRIMENAME":"Jefferson Avenue","ELEVTYP_F":0,"ELEVTYP_T":0},"geometry":{"type":"LineString","coordinates":[[-74.0214115811583,40.1885112235416],[-74.0219892861806,40.1885612533461]]}},{"type":"Feature","id":103707,"properties":{"OBJECTID":103707,"PRIMENAME":"Patriot Lane","ELEVTYP_F":0,"ELEVTYP_T":0},"geometry":{"type":"LineString","coordinates":[[-74.0105106075344,40.1902821715243],[-74.0105609851168,40.1898522014518],[-74.0105719662661,40.1897588541858]]}},{"type":"Feature","id":104119,"properties":{"OBJECTID":104119,"PRIMENAME":"Laird Avenue","ELEVTYP_F":0,"ELEVTYP_T":0},"geometry":{"type":"LineString","coordinates":[[-74.0225587306817,40.1958088724021],[-74.0224737624753,40.1960459865223],[-74.0222404690863,40.196676846027]]}},{"type":"Feature","id":104986,"properties":{"OBJECTID":104986,"PRIMENAME":"3rd Avenue","ELEVTYP_F":0,"ELEVTYP_T":0},"geometry":{"type":"LineString","coordinates":[[-74.0164600683531,40.1891800511906],[-74.0163912131964,40.1896969438705]]}},{"type":"Feature","id":107172,"properties":{"OBJECTID":107172,"PRIMENAME":"Lincoln Avenue","ELEVTYP_F":0,"ELEVTYP_T":0},"geometry":{"type":"LineString","coordinates":[[-74.0099604676033,40.1897131664739],[-74.0100709812854,40.1897214313602],[-74.0105719662661,40.1897588541858]]}},{"type":"Feature","id":110636,"properties":{"OBJECTID":110636,"PRIMENAME":"Steiner Avenue","ELEVTYP_F":0,"ELEVTYP_T":0},"geometry":{"type":"LineString","coordinates":[[-74.0247649833498,40.1950585558552],[-74.0246221878473,40.19544716541],[-74.0245882579316,40.1955384157065]]}},{"type":"Feature","id":110737,"properties":{"OBJECTID":110737,"PRIMENAME":"Holly Avenue","ELEVTYP_F":0,"ELEVTYP_T":0},"geometry":{"type":"LineString","coordinates":[[-74.0225587306817,40.1958088724021],[-74.0226245048656,40.1958225952229],[-74.0234871555317,40.1960025049317]]}},{"type":"Feature","id":111066,"properties":{"OBJECTID":111066,"PRIMENAME":"5th Avenue","ELEVTYP_F":0,"ELEVTYP_T":0},"geometry":{"type":"LineString","coordinates":[[-74.0206894293099,40.1900379914841],[-74.0206410628459,40.1904048874992],[-74.0206216955136,40.1905525027092]]}},{"type":"Feature","id":111377,"properties":{"OBJECTID":111377,"PRIMENAME":"4th Avenue","ELEVTYP_F":0,"ELEVTYP_T":0},"geometry":{"type":"LineString","coordinates":[[-74.0180209651049,40.1945477280149],[-74.0180336845562,40.1944449158453],[-74.0180857088918,40.1940239545298]]}},{"type":"Feature","id":111834,"properties":{"OBJECTID":111834,"PRIMENAME":"2nd Avenue","ELEVTYP_F":0,"ELEVTYP_T":0},"geometry":{"type":"LineString","coordinates":[[-74.0102096466443,40.1973110447421],[-74.0095792390638,40.1971152830427],[-74.0094317217818,40.1970694730024],[-74.008909257406,40.1969072260655],[-74.0087358371896,40.1968533694133]]}},{"type":"Feature","id":112418,"properties":{"OBJECTID":112418,"PRIMENAME":"3rd Avenue","ELEVTYP_F":0,"ELEVTYP_T":0},"geometry":{"type":"LineString","coordinates":[[-74.0165209062716,40.1887233287788],[-74.0164600683531,40.1891800511906]]}},{"type":"Feature","id":115373,"properties":{"OBJECTID":115373,"PRIMENAME":"Laird Avenue","ELEVTYP_F":0,"ELEVTYP_T":0},"geometry":{"type":"LineString","coordinates":[[-74.0222404690863,40.196676846027],[-74.0219986306689,40.1973308665634]]}},{"type":"Feature","id":116431,"properties":{"OBJECTID":116431,"PRIMENAME":"Woodland Lane","ELEVTYP_F":0,"ELEVTYP_T":0},"geometry":{"type":"LineString","coordinates":[[-74.0102356983314,40.1923564543487],[-74.0103005622786,40.1923615329428],[-74.0118349167695,40.1924811730253]]}},{"type":"Feature","id":116777,"properties":{"OBJECTID":116777,"PRIMENAME":"Sylvania Lane","ELEVTYP_F":0,"ELEVTYP_T":0},"geometry":{"type":"LineString","coordinates":[[-74.020417550359,40.1921072327458],[-74.0184945294343,40.1919634700453],[-74.0183483451943,40.1919517440053]]}},{"type":"Feature","id":118815,"properties":{"OBJECTID":118815,"PRIMENAME":"Burlington Avenue","ELEVTYP_F":0,"ELEVTYP_T":0},"geometry":{"type":"LineString","coordinates":[[-74.0174378799219,40.1964308541744],[-74.0178740217804,40.1965731459443],[-74.019090281549,40.1969686363563]]}},{"type":"Feature","id":120268,"properties":{"OBJECTID":120268,"PRIMENAME":"Norwood Avenue","ELEVTYP_F":0,"ELEVTYP_T":0},"geometry":{"type":"LineString","coordinates":[[-74.0195023240577,40.1946578220684],[-74.0181754908165,40.1945602034253],[-74.0180209651049,40.1945477280149]]}},{"type":"Feature","id":120294,"properties":{"OBJECTID":120294,"PRIMENAME":"Laird Avenue","ELEVTYP_F":0,"ELEVTYP_T":0},"geometry":{"type":"LineString","coordinates":[[-74.023491379347,40.1936242471801],[-74.0232270428559,40.194095015072],[-74.0231996265606,40.1941453597491]]}},{"type":"Feature","id":125238,"properties":{"OBJECTID":125238,"PRIMENAME":"Garfield Lane","ELEVTYP_F":0,"ELEVTYP_T":0},"geometry":{"type":"LineString","coordinates":[[-74.0105106075344,40.1902821715243],[-74.0105578677246,40.1902858848722],[-74.0121160400465,40.1904073511817]]}},{"type":"Feature","id":127328,"properties":{"OBJECTID":127328,"PRIMENAME":"Washington Avenue","ELEVTYP_F":0,"ELEVTYP_T":0},"geometry":{"type":"LineString","coordinates":[[-74.0164600683531,40.1891800511906],[-74.0153143787077,40.1890905418381],[-74.0143939830922,40.1890173111926]]}},{"type":"Feature","id":128658,"properties":{"OBJECTID":128658,"PRIMENAME":"Washington Avenue","ELEVTYP_F":0,"ELEVTYP_T":0},"geometry":{"type":"LineString","coordinates":[[-74.0226622334791,40.1896604329037],[-74.0225799469407,40.1896541095042]]}},{"type":"Feature","id":129651,"properties":{"OBJECTID":129651,"PRIMENAME":"Norwood Avenue","ELEVTYP_F":0,"ELEVTYP_T":0},"geometry":{"type":"LineString","coordinates":[[-74.0219522332183,40.1949756811026],[-74.0218892538258,40.1949616668154],[-74.0211260002735,40.1947916828371],[-74.0210193358209,40.1947793265385]]}},{"type":"Feature","id":129691,"properties":{"OBJECTID":129691,"PRIMENAME":"Bradley Boulevard","ELEVTYP_F":0,"ELEVTYP_T":0},"geometry":{"type":"LineString","coordinates":[[-74.0146282553619,40.1958077657321],[-74.0153042719049,40.195734828911]]}},{"type":"Feature","id":129744,"properties":{"OBJECTID":129744,"PRIMENAME":"5th Avenue","ELEVTYP_F":0,"ELEVTYP_T":0},"geometry":{"type":"LineString","coordinates":[[-74.0204856759064,40.1915884136761],[-74.020417550359,40.1921072327458]]}},{"type":"Feature","id":130999,"properties":{"OBJECTID":130999,"PRIMENAME":"2nd Avenue","ELEVTYP_F":0,"ELEVTYP_T":0},"geometry":{"type":"LineString","coordinates":[[-74.01084948606,40.1849162832333],[-74.0109771489244,40.1849430403247]]}},{"type":"Feature","id":131163,"properties":{"OBJECTID":131163,"PRIMENAME":"Washington Avenue","ELEVTYP_F":0,"ELEVTYP_T":0},"geometry":{"type":"LineString","coordinates":[[-74.0143939830922,40.1890173111926],[-74.0123282774589,40.1888529714583]]}},{"type":"Feature","id":131865,"properties":{"OBJECTID":131865,"PRIMENAME":"Memorial Drive","ELEVTYP_F":0,"ELEVTYP_T":0},"geometry":{"type":"LineString","coordinates":[[-74.0227301386521,40.1938274450651],[-74.0227521169702,40.1937664267005],[-74.0230247941749,40.1930641505749],[-74.0230414682793,40.1930212093516],[-74.0230620295074,40.1929682578284],[-74.0230939279747,40.1928861116983],[-74.0231418116764,40.1927602469004]]}},{"type":"Feature","id":133976,"properties":{"OBJECTID":133976,"PRIMENAME":"Jefferson Avenue","ELEVTYP_F":0,"ELEVTYP_T":0},"geometry":{"type":"LineString","coordinates":[[-74.0186932835085,40.1893544573377],[-74.0189528715055,40.1892537419609],[-74.0208099851325,40.1885179444022],[-74.020892083475,40.1885000554225]]}},{"type":"Feature","id":136266,"properties":{"OBJECTID":136266,"PRIMENAME":"A Street","ELEVTYP_F":0,"ELEVTYP_T":0},"geometry":{"type":"LineString","coordinates":[[-74.0130011773722,40.1853675618799],[-74.0126404601934,40.186370975489]]}},{"type":"Feature","id":137076,"properties":{"OBJECTID":137076,"PRIMENAME":"Lincoln Lane","ELEVTYP_F":0,"ELEVTYP_T":0},"geometry":{"type":"LineString","coordinates":[[-74.0122577694625,40.1893713372044],[-74.0103728604937,40.1892222745495],[-74.0100222600929,40.1891945464372]]}},{"type":"Feature","id":138871,"properties":{"OBJECTID":138871,"PRIMENAME":"FR RT 35 SB to NJ 71","ELEVTYP_F":0,"ELEVTYP_T":0},"geometry":{"type":"LineString","coordinates":[[-74.0247571972608,40.1913430864373],[-74.0247642977342,40.1912949907154],[-74.0247749002657,40.1912326075491],[-74.0247685794382,40.191168836323],[-74.0247655743561,40.1911406515089],[-74.0247587607725,40.1911128595899],[-74.0247482135656,40.1910857615689],[-74.0247340462256,40.1910596525258],[-74.0247223777972,40.1910424785893],[-74.0247091438747,40.1910259856871],[-74.0246944116908,40.1910102576076],[-74.02467825609,40.1909953742534],[-74.0246607591475,40.1909814112357],[-74.0246420097529,40.1909684394901],[-74.0246221031586,40.1909565249161],[-74.0246011404954,40.1909457280428],[-74.024587972259,40.190939743922],[-74.0245814766524,40.1909370269304],[-74.0245514846217,40.1909260046902],[-74.0245235916526,40.1909197033615],[-74.0244951609274,40.1909150243812],[-74.0244663526452,40.190911994114],[-74.0244373291322,40.1909106296345],[-74.0244179979614,40.190910632184],[-74.0243839221635,40.1909124619497],[-74.024350193818,40.19091660971],[-74.0243271490097,40.1909207613886],[-74.0243044862108,40.1909260059884]]}},{"type":"Feature","id":139699,"properties":{"OBJECTID":139699,"PRIMENAME":"FR RAMP B102220 to CO 40 SB","ELEVTYP_F":1,"ELEVTYP_T":0},"geometry":{"type":"LineString","coordinates":[[-74.023161834316,40.1927075381219],[-74.0232877200452,40.192740285418],[-74.0234426444394,40.1928029113157]]}},{"type":"Feature","id":140388,"properties":{"OBJECTID":140388,"PRIMENAME":"Ocean Avenue","ELEVTYP_F":0,"ELEVTYP_T":0},"geometry":{"type":"LineString","coordinates":[[-74.0101901490244,40.18750297285],[-74.0101843883893,40.1875611420107],[-74.0101584827719,40.1877040056013],[-74.0101492862416,40.1878050575828],[-74.0101333427077,40.1879802462164],[-74.010127272795,40.1880469488593],[-74.0101122792829,40.1883995691132],[-74.0100814340437,40.1886716595482]]}},{"type":"Feature","id":141219,"properties":{"OBJECTID":141219,"PRIMENAME":"A Street","ELEVTYP_F":0,"ELEVTYP_T":0},"geometry":{"type":"LineString","coordinates":[[-74.0126404601934,40.186370975489],[-74.0124769153048,40.1868259737731]]}},{"type":"Feature","id":142677,"properties":{"OBJECTID":142677,"PRIMENAME":"Lincoln Lane","ELEVTYP_F":0,"ELEVTYP_T":0},"geometry":{"type":"LineString","coordinates":[[-74.0206894293099,40.1900379914841],[-74.0186252177693,40.1898733586435]]}},{"type":"Feature","id":144662,"properties":{"OBJECTID":144662,"PRIMENAME":"Inlet Terrace","ELEVTYP_F":0,"ELEVTYP_T":0},"geometry":{"type":"LineString","coordinates":[[-74.0147248515643,40.1859219584657],[-74.0147074259303,40.1860444962018],[-74.0147006979085,40.1860918165181],[-74.0146810635898,40.1862299581999],[-74.0146926352686,40.1863491516822],[-74.0147291506922,40.1864588953523],[-74.0147842109663,40.186578298122],[-74.0148456348007,40.18667864762],[-74.0149134595526,40.1867599719145],[-74.0150060181666,40.1868461769708],[-74.0151050119214,40.1869085527127],[-74.0152349710648,40.1869805556582],[-74.0153961365533,40.187038414282],[-74.0155326312095,40.1870723411719],[-74.0156629651107,40.1870967147813],[-74.0158681283046,40.1870832981135],[-74.0188095569378,40.1867952562222]]}},{"type":"Feature","id":146017,"properties":{"OBJECTID":146017,"PRIMENAME":"Norwood Avenue","ELEVTYP_F":0,"ELEVTYP_T":0},"geometry":{"type":"LineString","coordinates":[[-74.0137085990585,40.1941999602735],[-74.0116333890235,40.1940364471527]]}},{"type":"Feature","id":146810,"properties":{"OBJECTID":146810,"PRIMENAME":"Lincoln Avenue","ELEVTYP_F":0,"ELEVTYP_T":0},"geometry":{"type":"LineString","coordinates":[[-74.0206216955136,40.1905525027092],[-74.0215279799599,40.190625707507]]}},{"type":"Feature","id":147765,"properties":{"OBJECTID":147765,"PRIMENAME":"Sylvania Avenue","ELEVTYP_F":0,"ELEVTYP_T":0},"geometry":{"type":"LineString","coordinates":[[-74.0182792626525,40.1924668514979],[-74.0160405254411,40.1922896140035]]}},{"type":"Feature","id":148276,"properties":{"OBJECTID":148276,"PRIMENAME":"FR RT 35 NB to RT 35 SB","ELEVTYP_F":0,"ELEVTYP_T":0},"geometry":{"type":"LineString","coordinates":[[-74.0245143381693,40.1890944316582],[-74.0244469880986,40.1893738156259],[-74.024426235635,40.1894749752938],[-74.0244171197597,40.1895193834719],[-74.0244133009418,40.1895844037483],[-74.0244230303336,40.1896468704241],[-74.0244460042447,40.1897058788712],[-74.0244574929798,40.1897353826498],[-74.0244579852368,40.1897367023598],[-74.0245098318882,40.1898423330568],[-74.0245619866933,40.1899089000056],[-74.024599009726,40.1899403250787],[-74.0246416011642,40.1899672841418],[-74.0246888543865,40.1899892033279],[-74.0247397635349,40.1900056160513],[-74.0247932449262,40.1900161729399],[-74.0248481601208,40.1900206492728],[-74.024903340157,40.1900189497635],[-74.0249576104353,40.190011110589],[-74.024999616898,40.1900005572968],[-74.0250397213647,40.1899863015391],[-74.0250935809884,40.1899586832699],[-74.0251433003992,40.1899268243313],[-74.0251721324474,40.1899069295852],[-74.0252321749726,40.1898692781499],[-74.0252951915741,40.1898346029427]]}},{"type":"Feature","id":148411,"properties":{"OBJECTID":148411,"PRIMENAME":"2nd Avenue","ELEVTYP_F":0,"ELEVTYP_T":0},"geometry":{"type":"LineString","coordinates":[[-74.0144513357023,40.1885644463618],[-74.0145111914238,40.1880916338983]]}},{"type":"Feature","id":148780,"properties":{"OBJECTID":148780,"PRIMENAME":"Bradley Boulevard","ELEVTYP_F":0,"ELEVTYP_T":0},"geometry":{"type":"LineString","coordinates":[[-74.0153042719049,40.195734828911],[-74.0164676387154,40.1956092943613],[-74.0167907715055,40.195573277317],[-74.0171269008168,40.1955358103557],[-74.0172076977861,40.1955361473443],[-74.017307076739,40.1955460872882],[-74.0176170981826,40.195652221623],[-74.0178282931623,40.1957258777433]]}},{"type":"Feature","id":149145,"properties":{"OBJECTID":149145,"PRIMENAME":"Atlantic Avenue","ELEVTYP_F":0,"ELEVTYP_T":0},"geometry":{"type":"LineString","coordinates":[[-74.0164914062101,40.1981398372909],[-74.0165333660063,40.198064105548],[-74.0169499083429,40.1973119416364]]}},{"type":"Feature","id":149168,"properties":{"OBJECTID":149168,"PRIMENAME":"Monmouth Avenue","ELEVTYP_F":0,"ELEVTYP_T":0},"geometry":{"type":"LineString","coordinates":[[-74.0185961509227,40.1978521477475],[-74.0169499083429,40.1973119416364]]}},{"type":"Feature","id":149464,"properties":{"OBJECTID":149464,"PRIMENAME":"Norwood Lane","ELEVTYP_F":0,"ELEVTYP_T":0},"geometry":{"type":"LineString","coordinates":[[-74.0201425619428,40.1941886215234],[-74.0199932959296,40.1941766650179],[-74.0180857088918,40.1940239545298]]}},{"type":"Feature","id":149550,"properties":{"OBJECTID":149550,"PRIMENAME":"Evergreen Avenue","ELEVTYP_F":0,"ELEVTYP_T":0},"geometry":{"type":"LineString","coordinates":[[-74.0123478379345,40.1968521976188],[-74.0140459453019,40.1973721524073],[-74.014201218718,40.1974212027245]]}},{"type":"Feature","id":149748,"properties":{"OBJECTID":149748,"PRIMENAME":"Patriot Lane","ELEVTYP_F":0,"ELEVTYP_T":0},"geometry":{"type":"LineString","coordinates":[[-74.0099928348939,40.1928505616511],[-74.0099772459628,40.1929574786828],[-74.0099166157708,40.1933736236393]]}},{"type":"Feature","id":150125,"properties":{"OBJECTID":150125,"PRIMENAME":"1st Avenue","ELEVTYP_F":0,"ELEVTYP_T":0},"geometry":{"type":"LineString","coordinates":[[-74.0123942085984,40.1883686003449],[-74.0123282774589,40.1888529714583]]}},{"type":"Feature","id":150254,"properties":{"OBJECTID":150254,"PRIMENAME":"Monmouth Avenue","ELEVTYP_F":0,"ELEVTYP_T":0},"geometry":{"type":"LineString","coordinates":[[-74.0144544919669,40.1964642526333],[-74.0133650904454,40.196106253775],[-74.0129292894617,40.1959630394816]]}},{"type":"Feature","id":150909,"properties":{"OBJECTID":150909,"PRIMENAME":"River Avenue","ELEVTYP_F":0,"ELEVTYP_T":0},"geometry":{"type":"LineString","coordinates":[[-74.014976335393,40.1856665494276],[-74.0150271283182,40.1856261048102],[-74.0151456843898,40.1855598919381],[-74.0152454204763,40.185512624216],[-74.0153743733945,40.1854741810433],[-74.0155442606139,40.1854376392248],[-74.015755816962,40.1854003923962],[-74.0160851803625,40.1853969932902],[-74.0171577136756,40.1854112716675]]}},{"type":"Feature","id":151096,"properties":{"OBJECTID":151096,"PRIMENAME":"Norwood Avenue","ELEVTYP_F":0,"ELEVTYP_T":0},"geometry":{"type":"LineString","coordinates":[[-74.0180209651049,40.1945477280149],[-74.0157655830981,40.1943657485569]]}},{"type":"Feature","id":151206,"properties":{"OBJECTID":151206,"PRIMENAME":"Batchelor Place","ELEVTYP_F":0,"ELEVTYP_T":0},"geometry":{"type":"LineString","coordinates":[[-74.0224738543917,40.1902756935609],[-74.0232479325442,40.1903245652663],[-74.0233111094073,40.1903405007721]]}},{"type":"Feature","id":151931,"properties":{"OBJECTID":151931,"PRIMENAME":"FR RAMP B102220 to CO 40 SB","ELEVTYP_F":0,"ELEVTYP_T":0},"geometry":{"type":"LineString","coordinates":[[-74.0234426444394,40.1928029113157],[-74.023510682946,40.192850821764],[-74.0236054061198,40.1929731566628],[-74.0236289338421,40.1930282684969],[-74.0236406971301,40.1930558244096],[-74.0236626252132,40.1931247108784],[-74.0236637423552,40.1931851111215],[-74.023650750735,40.1932612655566],[-74.0236129169359,40.1933373736063],[-74.023553988353,40.1933943419541],[-74.0234693122175,40.1934320982765],[-74.023388418721,40.1934460679794],[-74.0233014645792,40.1934409606974],[-74.0232270995808,40.1934120490273],[-74.0231527992079,40.1933688889016],[-74.0231034778474,40.1933114469551],[-74.0230787224342,40.193242686539],[-74.0230659732172,40.19314633027],[-74.0230802643066,40.1930225778904],[-74.0231418116764,40.1927602469004]]}},{"type":"Feature","id":152850,"properties":{"OBJECTID":152850,"PRIMENAME":"5th Avenue","ELEVTYP_F":0,"ELEVTYP_T":0},"geometry":{"type":"LineString","coordinates":[[-74.0209561781561,40.188013612755],[-74.020892083475,40.1885000554225]]}},{"type":"Feature","id":153041,"properties":{"OBJECTID":153041,"PRIMENAME":"1st Avenue","ELEVTYP_F":0,"ELEVTYP_T":0},"geometry":{"type":"LineString","coordinates":[[-74.011910017355,40.1919522028297],[-74.0118349167695,40.1924811730253]]}},{"type":"Feature","id":153588,"properties":{"OBJECTID":153588,"PRIMENAME":"Bradley Boulevard","ELEVTYP_F":0,"ELEVTYP_T":0},"geometry":{"type":"LineString","coordinates":[[-74.0194481799469,40.1963286372674],[-74.0201834424145,40.1966065701502],[-74.0203104080502,40.1966545618522]]}},{"type":"Feature","id":153984,"properties":{"OBJECTID":153984,"PRIMENAME":"Woodland Lane","ELEVTYP_F":0,"ELEVTYP_T":0},"geometry":{"type":"LineString","coordinates":[[-74.0182143263795,40.1929827453336],[-74.0197004710815,40.1930999117256],[-74.0202828653489,40.1931458390308]]}},{"type":"Feature","id":154942,"properties":{"OBJECTID":154942,"PRIMENAME":"Seaview Circle","ELEVTYP_F":0,"ELEVTYP_T":0},"geometry":{"type":"LineString","coordinates":[[-74.0274056183733,40.1869258996872],[-74.0256001122963,40.1865443817268]]}},{"type":"Feature","id":155206,"properties":{"OBJECTID":155206,"PRIMENAME":"Garfield Avenue","ELEVTYP_F":0,"ELEVTYP_T":0},"geometry":{"type":"LineString","coordinates":[[-74.0213906404449,40.1916578528733],[-74.0212098180691,40.1916440102579]]}},{"type":"Feature","id":155328,"properties":{"OBJECTID":155328,"PRIMENAME":"Sylvania Avenue","ELEVTYP_F":0,"ELEVTYP_T":0},"geometry":{"type":"LineString","coordinates":[[-74.0139790376761,40.1921166738975],[-74.0135907340438,40.1920828412218],[-74.011910017355,40.1919522028297]]}},{"type":"Feature","id":156078,"properties":{"OBJECTID":156078,"PRIMENAME":"Memorial Drive","ELEVTYP_F":0,"ELEVTYP_T":0},"geometry":{"type":"LineString","coordinates":[[-74.023161834316,40.1927075381219],[-74.0231867051312,40.1926422479664]]}},{"type":"Feature","id":156302,"properties":{"OBJECTID":156302,"PRIMENAME":"5th Avenue","ELEVTYP_F":0,"ELEVTYP_T":0},"geometry":{"type":"LineString","coordinates":[[-74.0208273067869,40.1889914912355],[-74.0207584440001,40.1895142067181]]}},{"type":"Feature","id":156397,"properties":{"OBJECTID":156397,"PRIMENAME":"Bradley Street","ELEVTYP_F":0,"ELEVTYP_T":0},"geometry":{"type":"LineString","coordinates":[[-74.0254789537915,40.1957267993233],[-74.0248511405551,40.1955934670014],[-74.0245882579316,40.1955384157065]]}},{"type":"Feature","id":158596,"properties":{"OBJECTID":158596,"PRIMENAME":"Lincoln Lane","ELEVTYP_F":0,"ELEVTYP_T":0},"geometry":{"type":"LineString","coordinates":[[-74.0163912131964,40.1896969438705],[-74.0144473172899,40.1895444884032],[-74.01432628779,40.1895348938119]]}},{"type":"Feature","id":158716,"properties":{"OBJECTID":158716,"PRIMENAME":"2nd Avenue","ELEVTYP_F":0,"ELEVTYP_T":0},"geometry":{"type":"LineString","coordinates":[[-74.0142579259806,40.1900405594179],[-74.01432628779,40.1895348938119]]}},{"type":"Feature","id":158729,"properties":{"OBJECTID":158729,"PRIMENAME":"Garfield Avenue","ELEVTYP_F":0,"ELEVTYP_T":0},"geometry":{"type":"LineString","coordinates":[[-74.0141160235973,40.1910897249016],[-74.0120484977678,40.1909260308807]]}},{"type":"Feature","id":158852,"properties":{"OBJECTID":158852,"PRIMENAME":"Main Street","ELEVTYP_F":0,"ELEVTYP_T":0},"geometry":{"type":"LineString","coordinates":[[-74.020624259799,40.1957706522901],[-74.0205326800933,40.1960356846188]]}},{"type":"Feature","id":158894,"properties":{"OBJECTID":158894,"PRIMENAME":"Ocean Avenue","ELEVTYP_F":0,"ELEVTYP_T":0},"geometry":{"type":"LineString","coordinates":[[-74.0100222600929,40.1891945464372],[-74.009979563978,40.1895714549422],[-74.0099604676033,40.1897131664739]]}},{"type":"Feature","id":159055,"properties":{"OBJECTID":159055,"PRIMENAME":"Roosevelt Avenue","ELEVTYP_F":0,"ELEVTYP_T":0},"geometry":{"type":"LineString","coordinates":[[-74.0144513357023,40.1885644463618],[-74.0145619545901,40.1885729262655],[-74.0164004486625,40.1887140683922],[-74.0165209062716,40.1887233287788]]}},{"type":"Feature","id":161143,"properties":{"OBJECTID":161143,"PRIMENAME":"Washington Lane","ELEVTYP_F":0,"ELEVTYP_T":0},"geometry":{"type":"LineString","coordinates":[[-74.0123942085984,40.1883686003449],[-74.0125267580731,40.188378794874],[-74.0132410328987,40.1884336359446]]}},{"type":"Feature","id":161372,"properties":{"OBJECTID":161372,"PRIMENAME":"2nd Avenue","ELEVTYP_F":0,"ELEVTYP_T":0},"geometry":{"type":"LineString","coordinates":[[-74.0139126308218,40.192643375324],[-74.0139790376761,40.1921166738975]]}},{"type":"Feature","id":161468,"properties":{"OBJECTID":161468,"PRIMENAME":"Rosewood Place","ELEVTYP_F":0,"ELEVTYP_T":0},"geometry":{"type":"LineString","coordinates":[[-74.0222404690863,40.196676846027],[-74.0223201132324,40.1966935363388],[-74.0231594239518,40.1968696458954]]}},{"type":"Feature","id":164529,"properties":{"OBJECTID":164529,"PRIMENAME":"New York Road","ELEVTYP_F":0,"ELEVTYP_T":0},"geometry":{"type":"LineString","coordinates":[[-74.0253136387604,40.1891909803163],[-74.0277902229235,40.1897145160274],[-74.0278772935231,40.1897330179546]]}},{"type":"Feature","id":165691,"properties":{"OBJECTID":165691,"PRIMENAME":"Garfield Lane","ELEVTYP_F":0,"ELEVTYP_T":0},"geometry":{"type":"LineString","coordinates":[[-74.0121160400465,40.1904073511817],[-74.013725591778,40.1905328014906],[-74.0141864649659,40.1905689422659]]}},{"type":"Feature","id":167476,"properties":{"OBJECTID":167476,"PRIMENAME":"Garfield Lane","ELEVTYP_F":0,"ELEVTYP_T":0},"geometry":{"type":"LineString","coordinates":[[-74.0184874991815,40.1909076129355],[-74.0205531198743,40.1910746697012]]}},{"type":"Feature","id":171854,"properties":{"OBJECTID":171854,"PRIMENAME":"3rd Avenue","ELEVTYP_F":0,"ELEVTYP_T":0},"geometry":{"type":"LineString","coordinates":[[-74.0157655830981,40.1943657485569],[-74.015754782889,40.1944497363005],[-74.0156850588235,40.1949260769826]]}},{"type":"Feature","id":174322,"properties":{"OBJECTID":174322,"PRIMENAME":"Lincoln Avenue","ELEVTYP_F":0,"ELEVTYP_T":0},"geometry":{"type":"LineString","coordinates":[[-74.016322319577,40.1902139732036],[-74.0165118917953,40.1902298919144],[-74.0181889556053,40.1903560277575],[-74.0185569832197,40.1903857526824]]}},{"type":"Feature","id":174511,"properties":{"OBJECTID":174511,"PRIMENAME":"Memorial Drive","ELEVTYP_F":0,"ELEVTYP_T":0},"geometry":{"type":"LineString","coordinates":[[-74.0207229839644,40.1994433404342],[-74.0207810070827,40.1992059234701],[-74.0208699156557,40.1989393975305],[-74.0210158162371,40.1985205809203],[-74.0211361296261,40.1982017771659],[-74.0213865264006,40.1975148869063],[-74.0214466743984,40.1973498898007],[-74.0218648969361,40.1962125272194],[-74.0220994473684,40.195555785531],[-74.0223972106981,40.1947515547527],[-74.0227301386521,40.1938274450651]]}},{"type":"Feature","id":180166,"properties":{"OBJECTID":180166,"PRIMENAME":"Madison Avenue","ELEVTYP_F":0,"ELEVTYP_T":0},"geometry":{"type":"LineString","coordinates":[[-74.0139183191262,40.1984648616498],[-74.0140476827834,40.1980012632647],[-74.014201218718,40.1974212027245]]}},{"type":"Feature","id":181213,"properties":{"OBJECTID":181213,"PRIMENAME":"Steiner Avenue","ELEVTYP_F":0,"ELEVTYP_T":0},"geometry":{"type":"LineString","coordinates":[[-74.024965615794,40.1945124960389],[-74.0247649833498,40.1950585558552]]}},{"type":"Feature","id":181702,"properties":{"OBJECTID":181702,"PRIMENAME":"Waterview Court","ELEVTYP_F":0,"ELEVTYP_T":0},"geometry":{"type":"LineString","coordinates":[[-74.0275683854786,40.1905773261583],[-74.0261260450617,40.1902690628296],[-74.0259719425123,40.1902361256197]]}},{"type":"Feature","id":181778,"properties":{"OBJECTID":181778,"PRIMENAME":"Ocean Avenue","ELEVTYP_F":0,"ELEVTYP_T":0},"geometry":{"type":"LineString","coordinates":[[-74.0087358371896,40.1968533694133],[-74.0086593972866,40.1970824943617],[-74.008619987551,40.1972106127578]]}},{"type":"Feature","id":182331,"properties":{"OBJECTID":182331,"PRIMENAME":"FR RAMP B102220 to CO 40 SB","ELEVTYP_F":0,"ELEVTYP_T":0},"geometry":{"type":"LineString","coordinates":[[-74.0216783950862,40.192750942901],[-74.0218145291007,40.1927770907639],[-74.0219823098931,40.1927825608559],[-74.0221315089931,40.1927783996456],[-74.022299455294,40.1927552636293],[-74.0225670110455,40.1927087099581],[-74.022710047559,40.1926949970498],[-74.0228095912089,40.1926811317156],[-74.0229152598422,40.1926767909546],[-74.0230270586152,40.1926867771696],[-74.0230546224158,40.192690417775]]}},{"type":"Feature","id":183493,"properties":{"OBJECTID":183493,"PRIMENAME":"4th Avenue","ELEVTYP_F":0,"ELEVTYP_T":0},"geometry":{"type":"LineString","coordinates":[[-74.0180857088918,40.1940239545298],[-74.0181512156499,40.1934934587982]]}},{"type":"Feature","id":185134,"properties":{"OBJECTID":185134,"PRIMENAME":"2nd Avenue","ELEVTYP_F":0,"ELEVTYP_T":0},"geometry":{"type":"LineString","coordinates":[[-74.0137784168757,40.1936822225381],[-74.0138275979059,40.1933171452418],[-74.0138496413718,40.1931428311985]]}},{"type":"Feature","id":185522,"properties":{"OBJECTID":185522,"PRIMENAME":"Lincoln Lane","ELEVTYP_F":0,"ELEVTYP_T":0},"geometry":{"type":"LineString","coordinates":[[-74.0215965364109,40.1901103200873],[-74.0215031602064,40.1901028791918],[-74.0206894293099,40.1900379914841]]}},{"type":"Feature","id":186916,"properties":{"OBJECTID":186916,"PRIMENAME":"B Street","ELEVTYP_F":0,"ELEVTYP_T":0},"geometry":{"type":"LineString","coordinates":[[-74.0152979254186,40.1847740656178],[-74.0156619744562,40.1837633825497]]}},{"type":"Feature","id":187376,"properties":{"OBJECTID":187376,"PRIMENAME":"Norwood Lane","ELEVTYP_F":0,"ELEVTYP_T":0},"geometry":{"type":"LineString","coordinates":[[-74.0158328012057,40.1938437718311],[-74.0137784168757,40.1936822225381]]}},{"type":"Feature","id":188390,"properties":{"OBJECTID":188390,"PRIMENAME":"Woodland Avenue","ELEVTYP_F":0,"ELEVTYP_T":0},"geometry":{"type":"LineString","coordinates":[[-74.0099928348939,40.1928505616511],[-74.0101734818776,40.1928639274751]]}},{"type":"Feature","id":188751,"properties":{"OBJECTID":188751,"PRIMENAME":"FR CO 40 A SB TO NJ 35 SB","ELEVTYP_F":0,"ELEVTYP_T":0},"geometry":{"type":"LineString","coordinates":[[-74.0247752825388,40.1906212119286],[-74.024808858888,40.190600947948],[-74.0248408442792,40.1905792229491],[-74.0248711307764,40.1905561102451],[-74.0248996161766,40.1905316878318],[-74.0249262043552,40.1905060381249],[-74.0249508055905,40.1904792476815],[-74.0249733368659,40.190451406908],[-74.0249937221505,40.1904226097554],[-74.0250348203136,40.1903707004354],[-74.0250965772455,40.1902720416369],[-74.0251393007154,40.190177011012],[-74.0251691515576,40.1900901912681],[-74.0252064998889,40.1899754002697],[-74.0252951915741,40.1898346029427]]}},{"type":"Feature","id":189356,"properties":{"OBJECTID":189356,"PRIMENAME":"2nd Avenue","ELEVTYP_F":0,"ELEVTYP_T":0},"geometry":{"type":"LineString","coordinates":[[-74.008619987551,40.1972106127578],[-74.0087949435506,40.1972451215193],[-74.0093546234814,40.197355524503],[-74.0095110041936,40.197386371473],[-74.0101553496936,40.1975134702076]]}},{"type":"Feature","id":189394,"properties":{"OBJECTID":189394,"PRIMENAME":"Batchelor Place","ELEVTYP_F":0,"ELEVTYP_T":0},"geometry":{"type":"LineString","coordinates":[[-74.0233111094073,40.1903405007721],[-74.0234588663862,40.1903778404186],[-74.0234941342492,40.1903867428523],[-74.0235289730387,40.1903955372297]]}},{"type":"Feature","id":189796,"properties":{"OBJECTID":189796,"PRIMENAME":"Lincoln Avenue","ELEVTYP_F":0,"ELEVTYP_T":0},"geometry":{"type":"LineString","coordinates":[[-74.0215279799599,40.190625707507],[-74.0222436861994,40.1906834856149]]}},{"type":"Feature","id":190294,"properties":{"OBJECTID":190294,"PRIMENAME":"Ocean Avenue","ELEVTYP_F":0,"ELEVTYP_T":0},"geometry":{"type":"LineString","coordinates":[[-74.0100814340437,40.1886716595482],[-74.0100222600929,40.1891945464372]]}},{"type":"Feature","id":191248,"properties":{"OBJECTID":191248,"PRIMENAME":"Lincoln Avenue","ELEVTYP_F":0,"ELEVTYP_T":0},"geometry":{"type":"LineString","coordinates":[[-74.0105719662661,40.1897588541858],[-74.0121880841324,40.1898796313753]]}},{"type":"Feature","id":191714,"properties":{"OBJECTID":191714,"PRIMENAME":"1st Avenue","ELEVTYP_F":0,"ELEVTYP_T":0},"geometry":{"type":"LineString","coordinates":[[-74.0123282774589,40.1888529714583],[-74.0122587152594,40.1893642312599],[-74.0122577694625,40.1893713372044]]}},{"type":"Feature","id":191852,"properties":{"OBJECTID":191852,"PRIMENAME":"Washington Avenue","ELEVTYP_F":0,"ELEVTYP_T":0},"geometry":{"type":"LineString","coordinates":[[-74.0216666004816,40.1895839586766],[-74.0207584440001,40.1895142067181]]}},{"type":"Feature","id":193496,"properties":{"OBJECTID":193496,"PRIMENAME":"5th Avenue","ELEVTYP_F":0,"ELEVTYP_T":0},"geometry":{"type":"LineString","coordinates":[[-74.020892083475,40.1885000554225],[-74.0208273067869,40.1889914912355]]}},{"type":"Feature","id":193943,"properties":{"OBJECTID":193943,"PRIMENAME":"Sylvania Avenue","ELEVTYP_F":0,"ELEVTYP_T":0},"geometry":{"type":"LineString","coordinates":[[-74.0216307046727,40.1927417688199],[-74.0215957422066,40.1927350629276]]}},{"type":"Feature","id":194695,"properties":{"OBJECTID":194695,"PRIMENAME":"1st Avenue","ELEVTYP_F":0,"ELEVTYP_T":0},"geometry":{"type":"LineString","coordinates":[[-74.0120484977678,40.1909260308807],[-74.0119888255577,40.1913850622565],[-74.0119810606975,40.1914447937979]]}},{"type":"Feature","id":196690,"properties":{"OBJECTID":196690,"PRIMENAME":"Marine Place","ELEVTYP_F":0,"ELEVTYP_T":0},"geometry":{"type":"LineString","coordinates":[[-74.0212098180691,40.1916440102579],[-74.0212090996727,40.1916494698803],[-74.0211931799122,40.191765227231],[-74.0211387398413,40.192161115269]]}},{"type":"Feature","id":198160,"properties":{"OBJECTID":198160,"PRIMENAME":"Ocean Avenue","ELEVTYP_F":0,"ELEVTYP_T":0},"geometry":{"type":"LineString","coordinates":[[-74.0105370284331,40.1859244786482],[-74.0103469986693,40.1865514080907],[-74.0102765071487,40.1868418605717],[-74.0102437470256,40.1870548055792],[-74.0102210850833,40.1872021133411],[-74.010217891796,40.1872228748097],[-74.0101901490244,40.18750297285]]}},{"type":"Feature","id":200091,"properties":{"OBJECTID":200091,"PRIMENAME":"2nd Avenue","ELEVTYP_F":0,"ELEVTYP_T":0},"geometry":{"type":"LineString","coordinates":[[-74.0138496413718,40.1931428311985],[-74.0139126308218,40.192643375324]]}},{"type":"Feature","id":200866,"properties":{"OBJECTID":200866,"PRIMENAME":"Ocean Avenue","ELEVTYP_F":0,"ELEVTYP_T":0},"geometry":{"type":"LineString","coordinates":[[-74.0099604676033,40.1897131664739],[-74.0098942115244,40.1902050021771],[-74.0098916419999,40.1902245665673],[-74.0098547882017,40.1905050842495],[-74.0098410963214,40.1906766057376],[-74.0098236008412,40.1907498573995]]}},{"type":"Feature","id":201809,"properties":{"OBJECTID":201809,"PRIMENAME":"Lincoln Avenue","ELEVTYP_F":0,"ELEVTYP_T":0},"geometry":{"type":"LineString","coordinates":[[-74.0222436861994,40.1906834856149],[-74.0223261986742,40.1906884114381]]}},{"type":"Feature","id":202327,"properties":{"OBJECTID":202327,"PRIMENAME":"Lincoln Avenue","ELEVTYP_F":0,"ELEVTYP_T":0},"geometry":{"type":"LineString","coordinates":[[-74.0185569832197,40.1903857526824],[-74.0206216955136,40.1905525027092]]}},{"type":"Feature","id":204549,"properties":{"OBJECTID":204549,"PRIMENAME":"West End Avenue","ELEVTYP_F":0,"ELEVTYP_T":0},"geometry":{"type":"LineString","coordinates":[[-74.0195023240577,40.1946578220684],[-74.0197212738148,40.194814468954],[-74.020676620383,40.1954981548285]]}},{"type":"Feature","id":205381,"properties":{"OBJECTID":205381,"PRIMENAME":"2nd Avenue","ELEVTYP_F":0,"ELEVTYP_T":0},"geometry":{"type":"LineString","coordinates":[[-74.0139790376761,40.1921166738975],[-74.0140054834896,40.1919071294631],[-74.0140460712584,40.1916071598891]]}},{"type":"Feature","id":205587,"properties":{"OBJECTID":205587,"PRIMENAME":"Walling Place","ELEVTYP_F":0,"ELEVTYP_T":0},"geometry":{"type":"LineString","coordinates":[[-74.0211812456587,40.1942612519565],[-74.0211042161508,40.194239630575]]}},{"type":"Feature","id":206736,"properties":{"OBJECTID":206736,"PRIMENAME":"4th Avenue","ELEVTYP_F":0,"ELEVTYP_T":0},"geometry":{"type":"LineString","coordinates":[[-74.0183483451943,40.1919517440053],[-74.0183628165559,40.1918440249589],[-74.0184180887777,40.1914288690516]]}},{"type":"Feature","id":207699,"properties":{"OBJECTID":207699,"PRIMENAME":"Central Avenue","ELEVTYP_F":0,"ELEVTYP_T":0},"geometry":{"type":"LineString","coordinates":[[-74.0125785449459,40.1959904712528],[-74.012544631645,40.1961171316559],[-74.0123478379345,40.1968521976188]]}},{"type":"Feature","id":208716,"properties":{"OBJECTID":208716,"PRIMENAME":"Lincoln Avenue","ELEVTYP_F":0,"ELEVTYP_T":0},"geometry":{"type":"LineString","coordinates":[[-74.0121880841324,40.1898796313753],[-74.0135865403943,40.1899841250845],[-74.0142579259806,40.1900405594179]]}},{"type":"Feature","id":208949,"properties":{"OBJECTID":208949,"PRIMENAME":"1st Avenue","ELEVTYP_F":0,"ELEVTYP_T":0},"geometry":{"type":"LineString","coordinates":[[-74.0121880841324,40.1898796313753],[-74.0121210010272,40.1903692951556],[-74.0121160400465,40.1904073511817]]}},{"type":"Feature","id":209602,"properties":{"OBJECTID":209602,"PRIMENAME":"Smock Street","ELEVTYP_F":0,"ELEVTYP_T":0},"geometry":{"type":"LineString","coordinates":[[-74.024965615794,40.1945124960389],[-74.0248464366684,40.1944877112394],[-74.0243260003819,40.1943795213379],[-74.0231996265606,40.1941453597491]]}},{"type":"Feature","id":210323,"properties":{"OBJECTID":210323,"PRIMENAME":"4th Avenue","ELEVTYP_F":0,"ELEVTYP_T":0},"geometry":{"type":"LineString","coordinates":[[-74.0186252177693,40.1898733586435],[-74.0186844160935,40.1894289819694],[-74.0186932835085,40.1893544573377]]}},{"type":"Feature","id":212140,"properties":{"OBJECTID":212140,"PRIMENAME":"Main Street","ELEVTYP_F":0,"ELEVTYP_T":0},"geometry":{"type":"LineString","coordinates":[[-74.0200809214473,40.197290758361],[-74.0197416189343,40.1982279822822]]}},{"type":"Feature","id":212431,"properties":{"OBJECTID":212431,"PRIMENAME":"Central Avenue","ELEVTYP_F":0,"ELEVTYP_T":0},"geometry":{"type":"LineString","coordinates":[[-74.0123478379345,40.1968521976188],[-74.0120703344647,40.1978887630965]]}},{"type":"Feature","id":212661,"properties":{"OBJECTID":212661,"PRIMENAME":"Evergreen Avenue","ELEVTYP_F":0,"ELEVTYP_T":0},"geometry":{"type":"LineString","coordinates":[[-74.0090639417416,40.1958358586187],[-74.009233537179,40.195888654689],[-74.0100654229682,40.1961475338492],[-74.0104834665391,40.1962776249527]]}},{"type":"Feature","id":213443,"properties":{"OBJECTID":213443,"PRIMENAME":"Sylvania Avenue","ELEVTYP_F":0,"ELEVTYP_T":0},"geometry":{"type":"LineString","coordinates":[[-74.0215957422066,40.1927350629276],[-74.0214729066741,40.1927114403291],[-74.021067210178,40.1926811293019]]}},{"type":"Feature","id":214414,"properties":{"OBJECTID":214414,"PRIMENAME":"Bradley Boulevard","ELEVTYP_F":0,"ELEVTYP_T":0},"geometry":{"type":"LineString","coordinates":[[-74.0129292894617,40.1959630394816],[-74.013873918724,40.1958891819371],[-74.0146282553619,40.1958077657321]]}},{"type":"Feature","id":214807,"properties":{"OBJECTID":214807,"PRIMENAME":"1st Avenue","ELEVTYP_F":0,"ELEVTYP_T":0},"geometry":{"type":"LineString","coordinates":[[-74.0126404601934,40.186370975489],[-74.0135823636755,40.1865708508267]]}},{"type":"Feature","id":215292,"properties":{"OBJECTID":215292,"PRIMENAME":"Ocean Avenue","ELEVTYP_F":0,"ELEVTYP_T":0},"geometry":{"type":"LineString","coordinates":[[-74.01084948606,40.1849162832333],[-74.0107291037485,40.1852661806262],[-74.0105634250857,40.1858374282668],[-74.0105370284331,40.1859244786482]]}},{"type":"Feature","id":215412,"properties":{"OBJECTID":215412,"PRIMENAME":"Stanton Place","ELEVTYP_F":0,"ELEVTYP_T":0},"geometry":{"type":"LineString","coordinates":[[-74.0221099333992,40.1933836955018],[-74.0215136510385,40.193250393268]]}},{"type":"Feature","id":215870,"properties":{"OBJECTID":215870,"PRIMENAME":"1st Avenue","ELEVTYP_F":0,"ELEVTYP_T":0},"geometry":{"type":"LineString","coordinates":[[-74.0114912419122,40.1950889373741],[-74.0114904779177,40.1950945813773],[-74.0116458070333,40.1951000130118],[-74.011838572736,40.1950865503465],[-74.0120066329678,40.195053877218],[-74.0122621248388,40.1949596382805],[-74.0124178976708,40.194903082745],[-74.0125984463199,40.1948609628428],[-74.0127290647182,40.1948424328232],[-74.0128534934984,40.1948286537861],[-74.013027403309,40.1948436881848],[-74.0131889943337,40.1948443678133],[-74.0133007939613,40.1948543643261],[-74.0134746368452,40.1948789512236],[-74.0136176468228,40.1948747749857]]}},{"type":"Feature","id":217898,"properties":{"OBJECTID":217898,"PRIMENAME":"Railroad Avenue","ELEVTYP_F":0,"ELEVTYP_T":0},"geometry":{"type":"LineString","coordinates":[[-74.0219522332183,40.1949756811026],[-74.0219703179165,40.194923869728],[-74.0221309205226,40.1944635486783]]}},{"type":"Feature","id":219433,"properties":{"OBJECTID":219433,"PRIMENAME":"Bradley Street","ELEVTYP_F":0,"ELEVTYP_T":0},"geometry":{"type":"LineString","coordinates":[[-74.0245882579316,40.1955384157065],[-74.0243182978499,40.1954818918531],[-74.0228776333773,40.1951802321177],[-74.0227905188871,40.1951620009627]]}},{"type":"Feature","id":219475,"properties":{"OBJECTID":219475,"PRIMENAME":"Pacific Avenue","ELEVTYP_F":0,"ELEVTYP_T":0},"geometry":{"type":"LineString","coordinates":[[-74.0194481799469,40.1963286372674],[-74.0194475279906,40.1963298153449],[-74.0193852727656,40.196441206269],[-74.019090281549,40.1969686363563]]}},{"type":"Feature","id":219702,"properties":{"OBJECTID":219702,"PRIMENAME":"Railroad Avenue","ELEVTYP_F":0,"ELEVTYP_T":0},"geometry":{"type":"LineString","coordinates":[[-74.0232615396901,40.1911571495421],[-74.0235289730387,40.1903955372297]]}},{"type":"Feature","id":219810,"properties":{"OBJECTID":219810,"PRIMENAME":"Railroad Avenue","ELEVTYP_F":0,"ELEVTYP_T":0},"geometry":{"type":"LineString","coordinates":[[-74.0223051805132,40.1939544725629],[-74.0223320308619,40.1938625073893],[-74.0224839081154,40.1934818720741],[-74.0224886914087,40.1934683582666]]}},{"type":"Feature","id":220373,"properties":{"OBJECTID":220373,"PRIMENAME":"Laird Avenue","ELEVTYP_F":0,"ELEVTYP_T":0},"geometry":{"type":"LineString","coordinates":[[-74.0229613626788,40.1946852773727],[-74.0227905188871,40.1951620009627]]}},{"type":"Feature","id":220663,"properties":{"OBJECTID":220663,"PRIMENAME":"Beach Avenue","ELEVTYP_F":0,"ELEVTYP_T":0},"geometry":{"type":"LineString","coordinates":[[-74.0101553496936,40.1975134702076],[-74.0102096466443,40.1973110447421]]}},{"type":"Feature","id":221340,"properties":{"OBJECTID":221340,"PRIMENAME":"Norwood Avenue","ELEVTYP_F":0,"ELEVTYP_T":0},"geometry":{"type":"LineString","coordinates":[[-74.0116333890235,40.1940364471527],[-74.0098406200602,40.1938951760433]]}},{"type":"Feature","id":221361,"properties":{"OBJECTID":221361,"PRIMENAME":"Ocean Avenue","ELEVTYP_F":0,"ELEVTYP_T":0},"geometry":{"type":"LineString","coordinates":[[-74.0098236008412,40.1907498573995],[-74.0097706346618,40.1909717800577],[-74.009679341528,40.1912992237319],[-74.0096581558603,40.1913752139943],[-74.0095728678952,40.1916811136382],[-74.0095540823723,40.191759411665]]}},{"type":"Feature","id":221435,"properties":{"OBJECTID":221435,"PRIMENAME":"River Avenue","ELEVTYP_F":0,"ELEVTYP_T":0},"geometry":{"type":"LineString","coordinates":[[-74.0183631846509,40.1854255717454],[-74.0184898919253,40.1854260988077],[-74.0185459015969,40.1854120290137],[-74.0186083743414,40.1853646313383],[-74.0189964426961,40.1849706512569],[-74.0191529613727,40.18480924823],[-74.0193094115336,40.1846526218866],[-74.0194078474942,40.1845606797426]]}},{"type":"Feature","id":221958,"properties":{"OBJECTID":221958,"PRIMENAME":"4th Avenue","ELEVTYP_F":0,"ELEVTYP_T":0},"geometry":{"type":"LineString","coordinates":[[-74.0184874991815,40.1909076129355],[-74.0185569832197,40.1903857526824]]}},{"type":"Feature","id":223052,"properties":{"OBJECTID":223052,"PRIMENAME":"4th Avenue","ELEVTYP_F":0,"ELEVTYP_T":0},"geometry":{"type":"LineString","coordinates":[[-74.0182143263795,40.1929827453336],[-74.0182644100835,40.1925776159182],[-74.0182792626525,40.1924668514979]]}},{"type":"Feature","id":223144,"properties":{"OBJECTID":223144,"PRIMENAME":"Boston Road","ELEVTYP_F":0,"ELEVTYP_T":0},"geometry":{"type":"LineString","coordinates":[[-74.0257925549565,40.1919081617283],[-74.0269248985892,40.1921447147186]]}},{"type":"Feature","id":223193,"properties":{"OBJECTID":223193,"PRIMENAME":"Woodland Avenue","ELEVTYP_F":0,"ELEVTYP_T":0},"geometry":{"type":"LineString","coordinates":[[-74.0092875653137,40.1927983794543],[-74.0094124688369,40.1928076111462],[-74.0099928348939,40.1928505616511]]}},{"type":"Feature","id":223949,"properties":{"OBJECTID":223949,"PRIMENAME":"Stanton Street","ELEVTYP_F":0,"ELEVTYP_T":0},"geometry":{"type":"LineString","coordinates":[[-74.0215136510385,40.193250393268],[-74.0214311486665,40.1932283928142]]}},{"type":"Feature","id":224055,"properties":{"OBJECTID":224055,"PRIMENAME":"Inlet Terrace","ELEVTYP_F":0,"ELEVTYP_T":0},"geometry":{"type":"LineString","coordinates":[[-74.0141504830915,40.1865613646146],[-74.0145075491763,40.1861624933251],[-74.0146255877988,40.1860318336801],[-74.0147248515643,40.1859219584657]]}},{"type":"Feature","id":224603,"properties":{"OBJECTID":224603,"PRIMENAME":"5th Avenue","ELEVTYP_F":0,"ELEVTYP_T":0},"geometry":{"type":"LineString","coordinates":[[-74.0202828653489,40.1931458390308],[-74.0202132067599,40.1936634166584]]}},{"type":"Feature","id":225354,"properties":{"OBJECTID":225354,"PRIMENAME":"2nd Avenue","ELEVTYP_F":0,"ELEVTYP_T":0},"geometry":{"type":"LineString","coordinates":[[-74.0136176468228,40.1948747749857],[-74.0137085990585,40.1941999602735]]}},{"type":"Feature","id":226061,"properties":{"OBJECTID":226061,"PRIMENAME":"Steiner Avenue","ELEVTYP_F":0,"ELEVTYP_T":0},"geometry":{"type":"LineString","coordinates":[[-74.0251072372684,40.1941016993603],[-74.0251978512481,40.1940030220473],[-74.0264885516374,40.1926251359426]]}},{"type":"Feature","id":226557,"properties":{"OBJECTID":226557,"PRIMENAME":"Garfield Avenue","ELEVTYP_F":0,"ELEVTYP_T":0},"geometry":{"type":"LineString","coordinates":[[-74.0219212974795,40.1916985889991],[-74.0213906404449,40.1916578528733]]}},{"type":"Feature","id":227664,"properties":{"OBJECTID":227664,"PRIMENAME":"Beach Avenue","ELEVTYP_F":0,"ELEVTYP_T":0},"geometry":{"type":"LineString","coordinates":[[-74.0102096466443,40.1973110447421],[-74.010458174473,40.19638474774],[-74.0104834665391,40.1962776249527]]}},{"type":"Feature","id":228582,"properties":{"OBJECTID":228582,"PRIMENAME":"Norwood Lane","ELEVTYP_F":0,"ELEVTYP_T":0},"geometry":{"type":"LineString","coordinates":[[-74.0137784168757,40.1936822225381],[-74.0118127359932,40.1935276281503],[-74.0117003595436,40.1935184789066]]}},{"type":"Feature","id":229778,"properties":{"OBJECTID":229778,"PRIMENAME":"Midwood Street","ELEVTYP_F":0,"ELEVTYP_T":0},"geometry":{"type":"LineString","coordinates":[[-74.0219986306689,40.1973308665634],[-74.0238103425227,40.1976927736215]]}},{"type":"Feature","id":229906,"properties":{"OBJECTID":229906,"PRIMENAME":"Stanton Place","ELEVTYP_F":0,"ELEVTYP_T":0},"geometry":{"type":"LineString","coordinates":[[-74.0224886914087,40.1934683582666],[-74.0224528426111,40.1934603583105],[-74.0221099333992,40.1933836955018]]}},{"type":"Feature","id":232166,"properties":{"OBJECTID":232166,"PRIMENAME":"Inlet Terrace","ELEVTYP_F":0,"ELEVTYP_T":0},"geometry":{"type":"LineString","coordinates":[[-74.0147248515643,40.1859219584657],[-74.0148713676192,40.1857597510706]]}},{"type":"Feature","id":233797,"properties":{"OBJECTID":233797,"PRIMENAME":"Ocean Avenue","ELEVTYP_F":0,"ELEVTYP_T":0},"geometry":{"type":"LineString","coordinates":[[-74.0112109118877,40.1839014574071],[-74.0108813996145,40.184823573709],[-74.01084948606,40.1849162832333]]}},{"type":"Feature","id":234188,"properties":{"OBJECTID":234188,"PRIMENAME":"3rd Avenue","ELEVTYP_F":0,"ELEVTYP_T":0},"geometry":{"type":"LineString","coordinates":[[-74.0163912131964,40.1896969438705],[-74.016322319577,40.1902139732036]]}},{"type":"Feature","id":235179,"properties":{"OBJECTID":235179,"PRIMENAME":"2nd Avenue","ELEVTYP_F":0,"ELEVTYP_T":0},"geometry":{"type":"LineString","coordinates":[[-74.0140460712584,40.1916071598891],[-74.0140749112882,40.1913938372316],[-74.0141160235973,40.1910897249016]]}},{"type":"Feature","id":235247,"properties":{"OBJECTID":235247,"PRIMENAME":"Marine Place","ELEVTYP_F":0,"ELEVTYP_T":0},"geometry":{"type":"LineString","coordinates":[[-74.0216666004816,40.1895839586766],[-74.0216488031091,40.1897174147499],[-74.0215965364109,40.1901103200873]]}},{"type":"Feature","id":237187,"properties":{"OBJECTID":237187,"PRIMENAME":"Washington Avenue","ELEVTYP_F":0,"ELEVTYP_T":0},"geometry":{"type":"LineString","coordinates":[[-74.023426141053,40.189719089644],[-74.0226622334791,40.1896604329037]]}},{"type":"Feature","id":238837,"properties":{"OBJECTID":238837,"PRIMENAME":"Atlantic Avenue","ELEVTYP_F":0,"ELEVTYP_T":0},"geometry":{"type":"LineString","coordinates":[[-74.0174378799219,40.1964308541744],[-74.0177736447222,40.1958244522745],[-74.0178276769988,40.1957269739994],[-74.0178282931623,40.1957258777433]]}},{"type":"Feature","id":238896,"properties":{"OBJECTID":238896,"PRIMENAME":"Sylvania Avenue","ELEVTYP_F":0,"ELEVTYP_T":0},"geometry":{"type":"LineString","coordinates":[[-74.011910017355,40.1919522028297],[-74.0104788542713,40.1918409341855],[-74.0103008395847,40.1918252742479]]}},{"type":"Feature","id":239389,"properties":{"OBJECTID":239389,"PRIMENAME":"1st Avenue","ELEVTYP_F":0,"ELEVTYP_T":0},"geometry":{"type":"LineString","coordinates":[[-74.0121962835595,40.1862766720615],[-74.0126404601934,40.186370975489]]}},{"type":"Feature","id":239868,"properties":{"OBJECTID":239868,"PRIMENAME":"Main Street","ELEVTYP_F":0,"ELEVTYP_T":0},"geometry":{"type":"LineString","coordinates":[[-74.0203949128411,40.1964240547846],[-74.0203104080502,40.1966545618522]]}},{"type":"Feature","id":240273,"properties":{"OBJECTID":240273,"PRIMENAME":"Woodland Lane","ELEVTYP_F":0,"ELEVTYP_T":0},"geometry":{"type":"LineString","coordinates":[[-74.0139126308218,40.192643375324],[-74.0159698785681,40.1928056754387]]}},{"type":"Feature","id":241012,"properties":{"OBJECTID":241012,"PRIMENAME":"Washington Avenue","ELEVTYP_F":0,"ELEVTYP_T":0},"geometry":{"type":"LineString","coordinates":[[-74.017544905899,40.1892647391134],[-74.0164600683531,40.1891800511906]]}},{"type":"Feature","id":241703,"properties":{"OBJECTID":241703,"PRIMENAME":"1st Avenue","ELEVTYP_F":0,"ELEVTYP_T":0},"geometry":{"type":"LineString","coordinates":[[-74.0117003595436,40.1935184789066],[-74.0116545591094,40.1938799190941],[-74.0116333890235,40.1940364471527]]}},{"type":"Feature","id":242118,"properties":{"OBJECTID":242118,"PRIMENAME":"FR RT 35 SB to NJ 71","ELEVTYP_F":0,"ELEVTYP_T":0},"geometry":{"type":"LineString","coordinates":[[-74.0243044862108,40.1909260059884],[-74.0242736742326,40.190935021229],[-74.0242298275936,40.1909521928769],[-74.0241891679187,40.1909734828467],[-74.0241523493268,40.1909985486344],[-74.0241199641452,40.1910269869916],[-74.0240900413363,40.1910508208296],[-74.0240619604978,40.1910759383404],[-74.0240358150916,40.1911022559265],[-74.0240116921384,40.1911296859964],[-74.0239896719283,40.1911581372559],[-74.0239698277527,40.1911875150116],[-74.0239522256612,40.1912177214866],[-74.0239369242414,40.1912486561458],[-74.0239042440295,40.1913148744839],[-74.0238731648958,40.1913927946621],[-74.0238648270458,40.1914345156644],[-74.0238573251843,40.1914720672769],[-74.0238500500951,40.1915448695393],[-74.0238509678943,40.1916593229872],[-74.0238733268379,40.1918558386493],[-74.0238980358252,40.1920901661928],[-74.0239003869056,40.1921121928604],[-74.0239030887953,40.1922071621283],[-74.023900896567,40.192279985288],[-74.0238994524513,40.1923072950172],[-74.0238948641289,40.1923952612755],[-74.0238930494551,40.192429542505]]}},{"type":"Feature","id":244813,"properties":{"OBJECTID":244813,"PRIMENAME":"FR RT 35 SB to NJ 71","ELEVTYP_F":0,"ELEVTYP_T":1},"geometry":{"type":"LineString","coordinates":[[-74.0238930494551,40.192429542505],[-74.0238696239879,40.1924980226461],[-74.0238575467037,40.1925188262185],[-74.0238436013598,40.1925389309322],[-74.023827856279,40.1925582382853],[-74.0238103886018,40.1925766536829],[-74.0237912839086,40.1925940868998],[-74.0237706358006,40.1926104525229],[-74.023748545441,40.1926256703698],[-74.0237251210595,40.1926396658815],[-74.023700477422,40.1926523704875],[-74.0236747352682,40.1926637219424],[-74.0236480207202,40.19267366463],[-74.0236204646646,40.1926821498366],[-74.0235922021108,40.1926891359893],[-74.0235633715302,40.1926945888597],[-74.0235341141769,40.1926984817317],[-74.0235045733963,40.1927007955322],[-74.0234229474434,40.1926915104264],[-74.0233356212498,40.1926732517871],[-74.0232657073675,40.1926580568299],[-74.0231867051312,40.1926422479664]]}},{"type":"Feature","id":247687,"properties":{"OBJECTID":247687,"PRIMENAME":"Patriot Lane","ELEVTYP_F":0,"ELEVTYP_T":0},"geometry":{"type":"LineString","coordinates":[[-74.0103909250773,40.1913197039648],[-74.0104500074309,40.1907994790844]]}},{"type":"Feature","id":248269,"properties":{"OBJECTID":248269,"PRIMENAME":"Woodland Lane","ELEVTYP_F":0,"ELEVTYP_T":0},"geometry":{"type":"LineString","coordinates":[[-74.0159698785681,40.1928056754387],[-74.0182143263795,40.1929827453336]]}},{"type":"Feature","id":249283,"properties":{"OBJECTID":249283,"PRIMENAME":"2nd Avenue","ELEVTYP_F":0,"ELEVTYP_T":0},"geometry":{"type":"LineString","coordinates":[[-74.0130011773722,40.1853675618799],[-74.014728119168,40.1857297211346],[-74.0148713676192,40.1857597510706]]}},{"type":"Feature","id":249510,"properties":{"OBJECTID":249510,"PRIMENAME":"Burlington Avenue","ELEVTYP_F":0,"ELEVTYP_T":0},"geometry":{"type":"LineString","coordinates":[[-74.019090281549,40.1969686363563],[-74.0199823755923,40.1972586964912],[-74.0200809214473,40.197290758361]]}},{"type":"Feature","id":249521,"properties":{"OBJECTID":249521,"PRIMENAME":"Memorial Drive","ELEVTYP_F":0,"ELEVTYP_T":0},"geometry":{"type":"LineString","coordinates":[[-74.0231867051312,40.1926422479664],[-74.0232122705191,40.1925750395259]]}},{"type":"Feature","id":249556,"properties":{"OBJECTID":249556,"PRIMENAME":"Walling Place","ELEVTYP_F":0,"ELEVTYP_T":0},"geometry":{"type":"LineString","coordinates":[[-74.0221309205226,40.1944635486783],[-74.0220909218222,40.1944550379105],[-74.0211812456587,40.1942612519565]]}},{"type":"Feature","id":250134,"properties":{"OBJECTID":250134,"PRIMENAME":"Sylvania Lane","ELEVTYP_F":0,"ELEVTYP_T":0},"geometry":{"type":"LineString","coordinates":[[-74.0119810606975,40.1914447937979],[-74.0111782493102,40.1913816424824],[-74.0103909250773,40.1913197039648]]}},{"type":"Feature","id":250678,"properties":{"OBJECTID":250678,"PRIMENAME":"3rd Avenue","ELEVTYP_F":0,"ELEVTYP_T":0},"geometry":{"type":"LineString","coordinates":[[-74.0183631846509,40.1854255717454],[-74.0182056446019,40.1853920902035],[-74.0176769038662,40.1852797143218],[-74.0172382685324,40.1851864683699]]}},{"type":"Feature","id":252020,"properties":{"OBJECTID":252020,"PRIMENAME":"Garfield Lane","ELEVTYP_F":0,"ELEVTYP_T":0},"geometry":{"type":"LineString","coordinates":[[-74.0141864649659,40.1905689422659],[-74.0162533884697,40.1907311671148]]}},{"type":"Feature","id":253256,"properties":{"OBJECTID":253256,"PRIMENAME":"South Station Avenue","ELEVTYP_F":0,"ELEVTYP_T":0},"geometry":{"type":"LineString","coordinates":[[-74.0234370283791,40.1900200428613],[-74.0235514679415,40.1897287194301]]}},{"type":"Feature","id":253304,"properties":{"OBJECTID":253304,"PRIMENAME":"Washington Lane","ELEVTYP_F":0,"ELEVTYP_T":0},"geometry":{"type":"LineString","coordinates":[[-74.0132410328987,40.1884336359446],[-74.0139055936879,40.1884846575765]]}},{"type":"Feature","id":253468,"properties":{"OBJECTID":253468,"PRIMENAME":"Woodland Avenue","ELEVTYP_F":0,"ELEVTYP_T":0},"geometry":{"type":"LineString","coordinates":[[-74.0117683573916,40.1929819024676],[-74.0122138763364,40.1930148565081],[-74.0134375849489,40.1931057684111],[-74.0138496413718,40.1931428311985]]}},{"type":"Feature","id":253917,"properties":{"OBJECTID":253917,"PRIMENAME":"Steiner Avenue","ELEVTYP_F":0,"ELEVTYP_T":0},"geometry":{"type":"LineString","coordinates":[[-74.0240373093275,40.1970538690331],[-74.0238103425227,40.1976927736215]]}},{"type":"Feature","id":254087,"properties":{"OBJECTID":254087,"PRIMENAME":"Ocean Avenue","ELEVTYP_F":0,"ELEVTYP_T":0},"geometry":{"type":"LineString","coordinates":[[-74.0088601078081,40.1944107256088],[-74.0088121397315,40.1946138087653],[-74.0088115207797,40.1946995953557],[-74.0088414933139,40.1948522210724],[-74.0090540856739,40.1955346611451],[-74.0090574726874,40.1955511488375]]}},{"type":"Feature","id":255670,"properties":{"OBJECTID":255670,"PRIMENAME":"Patriot Lane","ELEVTYP_F":0,"ELEVTYP_T":0},"geometry":{"type":"LineString","coordinates":[[-74.0101734818776,40.1928639274751],[-74.0101813916915,40.1927994744494],[-74.0102356983314,40.1923564543487]]}},{"type":"Feature","id":255804,"properties":{"OBJECTID":255804,"PRIMENAME":"1st Avenue","ELEVTYP_F":0,"ELEVTYP_T":0},"geometry":{"type":"LineString","coordinates":[[-74.0121160400465,40.1904073511817],[-74.0120484977678,40.1909260308807]]}},{"type":"Feature","id":258024,"properties":{"OBJECTID":258024,"PRIMENAME":"3rd Avenue","ELEVTYP_F":0,"ELEVTYP_T":0},"geometry":{"type":"LineString","coordinates":[[-74.0158328012057,40.1938437718311],[-74.0157655830981,40.1943657485569]]}},{"type":"Feature","id":258816,"properties":{"OBJECTID":258816,"PRIMENAME":"Railroad Avenue","ELEVTYP_F":0,"ELEVTYP_T":0},"geometry":{"type":"LineString","coordinates":[[-74.0226859270844,40.1928761656092],[-74.0223024479545,40.1928394422351]]}},{"type":"Feature","id":259423,"properties":{"OBJECTID":259423,"PRIMENAME":"4th Avenue","ELEVTYP_F":0,"ELEVTYP_T":0},"geometry":{"type":"LineString","coordinates":[[-74.0185569832197,40.1903857526824],[-74.0186252177693,40.1898733586435]]}},{"type":"Feature","id":260779,"properties":{"OBJECTID":260779,"PRIMENAME":"Berry Avenue","ELEVTYP_F":0,"ELEVTYP_T":0},"geometry":{"type":"LineString","coordinates":[[-74.0222080903915,40.1910833240091],[-74.0230167805607,40.1911399850423]]}},{"type":"Feature","id":260787,"properties":{"OBJECTID":260787,"PRIMENAME":"3rd Avenue","ELEVTYP_F":0,"ELEVTYP_T":0},"geometry":{"type":"LineString","coordinates":[[-74.0159698785681,40.1928056754387],[-74.0159126362238,40.1932239237365],[-74.0158996769335,40.1933245379414]]}},{"type":"Feature","id":262817,"properties":{"OBJECTID":262817,"PRIMENAME":"Garfield Avenue","ELEVTYP_F":0,"ELEVTYP_T":0},"geometry":{"type":"LineString","coordinates":[[-74.0161824923873,40.1912526903753],[-74.0143022412737,40.1911044793881],[-74.0141160235973,40.1910897249016]]}},{"type":"Feature","id":264882,"properties":{"OBJECTID":264882,"PRIMENAME":"Evergreen Avenue","ELEVTYP_F":0,"ELEVTYP_T":0},"geometry":{"type":"LineString","coordinates":[[-74.014201218718,40.1974212027245],[-74.0157128490978,40.1978986230402]]}},{"type":"Feature","id":265264,"properties":{"OBJECTID":265264,"PRIMENAME":"1st Avenue","ELEVTYP_F":0,"ELEVTYP_T":0},"geometry":{"type":"LineString","coordinates":[[-74.0105370284331,40.1859244786482],[-74.0107989273611,40.1859800791957],[-74.0120217232961,40.1862396211773],[-74.0121962835595,40.1862766720615]]}},{"type":"Feature","id":267169,"properties":{"OBJECTID":267169,"PRIMENAME":"Lincoln Lane","ELEVTYP_F":0,"ELEVTYP_T":0},"geometry":{"type":"LineString","coordinates":[[-74.01432628779,40.1895348938119],[-74.0122577694625,40.1893713372044]]}},{"type":"Feature","id":268350,"properties":{"OBJECTID":268350,"PRIMENAME":"Sylvania Lane","ELEVTYP_F":0,"ELEVTYP_T":0},"geometry":{"type":"LineString","coordinates":[[-74.0183483451943,40.1919517440053],[-74.0161113207206,40.1917725101166]]}},{"type":"Feature","id":268744,"properties":{"OBJECTID":268744,"PRIMENAME":"Norwood Avenue","ELEVTYP_F":0,"ELEVTYP_T":0},"geometry":{"type":"LineString","coordinates":[[-74.0209287311946,40.1947688496607],[-74.0207844724187,40.1947521377183],[-74.0200737691457,40.1946998609107]]}},{"type":"Feature","id":268769,"properties":{"OBJECTID":268769,"PRIMENAME":"B Street","ELEVTYP_F":0,"ELEVTYP_T":0},"geometry":{"type":"LineString","coordinates":[[-74.014976335393,40.1856665494276],[-74.0150595543536,40.1854356099165],[-74.0152979254186,40.1847740656178]]}},{"type":"Feature","id":268975,"properties":{"OBJECTID":268975,"PRIMENAME":"1st Avenue","ELEVTYP_F":0,"ELEVTYP_T":0},"geometry":{"type":"LineString","coordinates":[[-74.0117683573916,40.1929819024676],[-74.0117003595436,40.1935184789066]]}},{"type":"Feature","id":269152,"properties":{"OBJECTID":269152,"PRIMENAME":"South Wall Street","ELEVTYP_F":0,"ELEVTYP_T":0},"geometry":{"type":"LineString","coordinates":[[-74.0271185157008,40.1959601837255],[-74.0270110140617,40.1960264827182],[-74.0267113773866,40.1962111392553],[-74.0266675179159,40.1962633944914],[-74.0266110348382,40.1963394272306],[-74.0263724178934,40.196691106639],[-74.0257635900495,40.1975465360181],[-74.0256870508965,40.197654055651]]}},{"type":"Feature","id":269388,"properties":{"OBJECTID":269388,"PRIMENAME":"A Street","ELEVTYP_F":0,"ELEVTYP_T":0},"geometry":{"type":"LineString","coordinates":[[-74.0133635074602,40.1843622316926],[-74.0131680370218,40.1849034077883],[-74.0130011773722,40.1853675618799]]}},{"type":"Feature","id":270033,"properties":{"OBJECTID":270033,"PRIMENAME":"Rosewood Place","ELEVTYP_F":0,"ELEVTYP_T":0},"geometry":{"type":"LineString","coordinates":[[-74.0231594239518,40.1968696458954],[-74.0240373093275,40.1970538690331]]}},{"type":"Feature","id":270346,"properties":{"OBJECTID":270346,"PRIMENAME":"Washington Avenue","ELEVTYP_F":0,"ELEVTYP_T":0},"geometry":{"type":"LineString","coordinates":[[-74.0186932835085,40.1893544573377],[-74.017544905899,40.1892647391134]]}},{"type":"Feature","id":270850,"properties":{"OBJECTID":270850,"PRIMENAME":"Steiner Avenue","ELEVTYP_F":0,"ELEVTYP_T":0},"geometry":{"type":"LineString","coordinates":[[-74.0245882579316,40.1955384157065],[-74.024312724817,40.1962794548173],[-74.0243054636957,40.1962989822218],[-74.0242376858423,40.1964898285726]]}},{"type":"Feature","id":271181,"properties":{"OBJECTID":271181,"PRIMENAME":"3rd Avenue","ELEVTYP_F":0,"ELEVTYP_T":0},"geometry":{"type":"LineString","coordinates":[[-74.0152979254186,40.1847740656178],[-74.0138112767636,40.1844580840961],[-74.0133635074602,40.1843622316926]]}},{"type":"Feature","id":277431,"properties":{"OBJECTID":277431,"PRIMENAME":"5th Avenue","ELEVTYP_F":0,"ELEVTYP_T":0},"geometry":{"type":"LineString","coordinates":[[-74.0202132067599,40.1936634166584],[-74.0201425619428,40.1941886215234]]}},{"type":"Feature","id":281325,"properties":{"OBJECTID":281325,"PRIMENAME":"Jefferson Avenue","ELEVTYP_F":0,"ELEVTYP_T":0},"geometry":{"type":"LineString","coordinates":[[-74.0219892861806,40.1885612533461],[-74.0221581030169,40.1885759233438],[-74.0229071864292,40.1886334234864]]}},{"type":"Feature","id":282060,"properties":{"OBJECTID":282060,"PRIMENAME":"5th Avenue","ELEVTYP_F":0,"ELEVTYP_T":0},"geometry":{"type":"LineString","coordinates":[[-74.0201425619428,40.1941886215234],[-74.0200895962737,40.1945824569598],[-74.0200737691457,40.1946998609107]]}},{"type":"Feature","id":283479,"properties":{"OBJECTID":283479,"PRIMENAME":"Patriot Lane","ELEVTYP_F":0,"ELEVTYP_T":0},"geometry":{"type":"LineString","coordinates":[[-74.0104500074309,40.1907994790844],[-74.010461712095,40.1907001228996],[-74.0105106075344,40.1902821715243]]}},{"type":"Feature","id":286096,"properties":{"OBJECTID":286096,"PRIMENAME":"Main Street","ELEVTYP_F":0,"ELEVTYP_T":0},"geometry":{"type":"LineString","coordinates":[[-74.0203104080502,40.1966545618522],[-74.0200809214473,40.197290758361]]}},{"type":"Feature","id":286122,"properties":{"OBJECTID":286122,"PRIMENAME":"FR CO 40 SB to RT 35 NB","ELEVTYP_F":0,"ELEVTYP_T":0},"geometry":{"type":"LineString","coordinates":[[-74.0227301386521,40.1938274450651],[-74.0227957123845,40.1937724815159],[-74.02291450898,40.1936729061978],[-74.0229894419187,40.1936207804038],[-74.0230767986131,40.1935734820214],[-74.0231888647527,40.1935453382192],[-74.023319514071,40.1935268242846],[-74.0239227715372,40.1934673465779],[-74.0240346705791,40.1934630295187],[-74.024127852683,40.1934681897719],[-74.024214775399,40.1934828497608],[-74.0242785838666,40.1934994421215],[-74.024326441414,40.1935118861487],[-74.0243320434029,40.1935146138928],[-74.0244757851213,40.1935845905975]]}},{"type":"Feature","id":287800,"properties":{"OBJECTID":287800,"PRIMENAME":"1st Avenue","ELEVTYP_F":0,"ELEVTYP_T":0},"geometry":{"type":"LineString","coordinates":[[-74.0124817142097,40.1877256444298],[-74.0123942085984,40.1883686003449]]}},{"type":"Feature","id":288556,"properties":{"OBJECTID":288556,"PRIMENAME":"Ocean Avenue","ELEVTYP_F":0,"ELEVTYP_T":0},"geometry":{"type":"LineString","coordinates":[[-74.0092875653137,40.1927983794543],[-74.0091764949407,40.1932141453862],[-74.0090126456308,40.1938298982437]]}},{"type":"Feature","id":291353,"properties":{"OBJECTID":291353,"PRIMENAME":"Marine Place","ELEVTYP_F":0,"ELEVTYP_T":0},"geometry":{"type":"LineString","coordinates":[[-74.0218478103307,40.1895978841362],[-74.0218638493863,40.189480288864],[-74.0219186061013,40.189079020064]]}},{"type":"Feature","id":293752,"properties":{"OBJECTID":293752,"PRIMENAME":"Main Street","ELEVTYP_F":0,"ELEVTYP_T":0},"geometry":{"type":"LineString","coordinates":[[-74.0205326800933,40.1960356846188],[-74.0204291827142,40.196330591491],[-74.0203949128411,40.1964240547846]]}},{"type":"Feature","id":295895,"properties":{"OBJECTID":295895,"PRIMENAME":"Unnamed Segment","ELEVTYP_F":0,"ELEVTYP_T":0},"geometry":{"type":"LineString","coordinates":[[-74.0188254331672,40.1882413351436],[-74.0188667706435,40.1882371422745],[-74.0193657930456,40.188186560725]]}},{"type":"Feature","id":296665,"properties":{"OBJECTID":296665,"PRIMENAME":"Home Street","ELEVTYP_F":0,"ELEVTYP_T":0},"geometry":{"type":"LineString","coordinates":[[-74.0229613626788,40.1946852773727],[-74.0230301405909,40.19469945097],[-74.0243218967482,40.1949668325394],[-74.0246747932729,40.1950398748629],[-74.0247649833498,40.1950585558552]]}},{"type":"Feature","id":296866,"properties":{"OBJECTID":296866,"PRIMENAME":"Ocean Avenue","ELEVTYP_F":0,"ELEVTYP_T":0},"geometry":{"type":"LineString","coordinates":[[-74.008619987551,40.1972106127578],[-74.0082703058391,40.1983486026548]]}},{"type":"Feature","id":298775,"properties":{"OBJECTID":298775,"PRIMENAME":"C Street","ELEVTYP_F":0,"ELEVTYP_T":0},"geometry":{"type":"LineString","coordinates":[[-74.0176002490388,40.1841759345304],[-74.0172382685324,40.1851864683699]]}},{"type":"Feature","id":300135,"properties":{"OBJECTID":300135,"PRIMENAME":"Railroad Avenue","ELEVTYP_F":0,"ELEVTYP_T":0},"geometry":{"type":"LineString","coordinates":[[-74.0235289730387,40.1903955372297],[-74.023565134664,40.1902924884936],[-74.0235906757139,40.1902181690093],[-74.0236056556899,40.1901543484628],[-74.0235977442872,40.1901032269059],[-74.0235522174859,40.1900615040095],[-74.023504692257,40.1900443973306],[-74.0234370283791,40.1900200428613]]}},{"type":"Feature","id":304342,"properties":{"OBJECTID":304342,"PRIMENAME":"Lakeside Avenue","ELEVTYP_F":0,"ELEVTYP_T":0},"geometry":{"type":"LineString","coordinates":[[-74.0205326800933,40.1960356846188],[-74.0204092671664,40.1959611893235],[-74.019431421211,40.1953708834766]]}},{"type":"Feature","id":305343,"properties":{"OBJECTID":305343,"PRIMENAME":"McKinley Place","ELEVTYP_F":0,"ELEVTYP_T":0},"geometry":{"type":"LineString","coordinates":[[-74.0187494263608,40.188881324635],[-74.0185785872607,40.1888693045545],[-74.0176178796277,40.188801752059],[-74.0175658205479,40.1891320099991],[-74.017544905899,40.1892647391134]]}},{"type":"Feature","id":305848,"properties":{"OBJECTID":305848,"PRIMENAME":"5th Avenue","ELEVTYP_F":0,"ELEVTYP_T":0},"geometry":{"type":"LineString","coordinates":[[-74.0205531198743,40.1910746697012],[-74.0205076978063,40.191420659611],[-74.0204856759064,40.1915884136761]]}},{"type":"Feature","id":306890,"properties":{"OBJECTID":306890,"PRIMENAME":"Oak Terrace","ELEVTYP_F":0,"ELEVTYP_T":0},"geometry":{"type":"LineString","coordinates":[[-74.0257925549565,40.1919081617283],[-74.0257215398178,40.1919843264113],[-74.0244691996518,40.1933280189601],[-74.0244013549834,40.1934008192033]]}},{"type":"Feature","id":307099,"properties":{"OBJECTID":307099,"PRIMENAME":"River Avenue","ELEVTYP_F":0,"ELEVTYP_T":0},"geometry":{"type":"LineString","coordinates":[[-74.0121962835595,40.1862766720615],[-74.0121123409838,40.1861848664416],[-74.0120038219162,40.1860661773807],[-74.0111159752236,40.1850949176535],[-74.0109771489244,40.1849430403247]]}},{"type":"Feature","id":307502,"properties":{"OBJECTID":307502,"PRIMENAME":"FR RT 35 NB to RAMP X102210","ELEVTYP_F":0,"ELEVTYP_T":0},"geometry":{"type":"LineString","coordinates":[[-74.0243059143772,40.1909880269409],[-74.0242367114845,40.1911634120345],[-74.0241923406559,40.1913913886841],[-74.0241804877948,40.1914358135],[-74.0241104762165,40.1916982201992],[-74.0240107203979,40.1920601840477],[-74.0239727782278,40.1922031804095],[-74.0239348347273,40.192346175849],[-74.0238953002178,40.192425104229],[-74.0238930494551,40.192429542505]]}},{"type":"Feature","id":308001,"properties":{"OBJECTID":308001,"PRIMENAME":"FR RAMP B102220 to CO 40 SB","ELEVTYP_F":0,"ELEVTYP_T":1},"geometry":{"type":"LineString","coordinates":[[-74.0230546224158,40.192690417775],[-74.0231388580218,40.1927015404585],[-74.023161834316,40.1927075381219]]}},{"type":"Feature","id":308490,"properties":{"OBJECTID":308490,"PRIMENAME":"Bradley Boulevard","ELEVTYP_F":0,"ELEVTYP_T":0},"geometry":{"type":"LineString","coordinates":[[-74.0125785449459,40.1959904712528],[-74.0129292894617,40.1959630394816]]}},{"type":"Feature","id":314004,"properties":{"OBJECTID":314004,"PRIMENAME":"1st Avenue","ELEVTYP_F":0,"ELEVTYP_T":0},"geometry":{"type":"LineString","coordinates":[[-74.0115540318467,40.1946240644299],[-74.0114912419122,40.1950889373741]]}},{"type":"Feature","id":314514,"properties":{"OBJECTID":314514,"PRIMENAME":"Sylvania Avenue","ELEVTYP_F":0,"ELEVTYP_T":0},"geometry":{"type":"LineString","coordinates":[[-74.021067210178,40.1926811293019],[-74.0203495935554,40.1926274529757]]}},{"type":"Feature","id":315644,"properties":{"OBJECTID":315644,"PRIMENAME":"1st Avenue","ELEVTYP_F":0,"ELEVTYP_T":0},"geometry":{"type":"LineString","coordinates":[[-74.0122577694625,40.1893713372044],[-74.0121880841324,40.1898796313753]]}},{"type":"Feature","id":317143,"properties":{"OBJECTID":317143,"PRIMENAME":"FR CO 40 A SB TO NJ 35 SB","ELEVTYP_F":0,"ELEVTYP_T":0},"geometry":{"type":"LineString","coordinates":[[-74.0234903818422,40.1919680525153],[-74.023549321732,40.1918206834854],[-74.0236615601107,40.1915116446107],[-74.0236973048823,40.1914338265494],[-74.0237174682231,40.1913899304447],[-74.0237732890199,40.1912752978976],[-74.0237762297181,40.1912711137495]]}},{"type":"Feature","id":318597,"properties":{"OBJECTID":318597,"PRIMENAME":"FR RT 35 SB to RT 35 NB","ELEVTYP_F":0,"ELEVTYP_T":0},"geometry":{"type":"LineString","coordinates":[[-74.0252445179176,40.1887823756712],[-74.0251549040949,40.188654948051],[-74.0251141745228,40.1886046610968],[-74.0250930866982,40.1885786234297],[-74.0250175678528,40.1885437114624],[-74.0249885653421,40.1885332175388],[-74.0249582158112,40.1885252741049],[-74.0249268991996,40.1885199806026],[-74.0248950075531,40.1885174033003],[-74.024886490299,40.1885171485813],[-74.0248740337032,40.1885171244796],[-74.0248482918813,40.1885184751696],[-74.0248228154116,40.1885216085858],[-74.0248125296768,40.1885233515063],[-74.0247888030866,40.188532173553],[-74.0247663739631,40.1885428061504],[-74.0247454764042,40.188555138324],[-74.0247263285226,40.1885690413606],[-74.0247091301697,40.1885843701513],[-74.0246940608496,40.1886009647063],[-74.0246812778456,40.1886186518247],[-74.0246709145788,40.1886372469021]]}},{"type":"Feature","id":319631,"properties":{"OBJECTID":319631,"PRIMENAME":"Smock Street","ELEVTYP_F":0,"ELEVTYP_T":0},"geometry":{"type":"LineString","coordinates":[[-74.0231996265606,40.1941453597491],[-74.0229287758067,40.1940890091193]]}},{"type":"Feature","id":319656,"properties":{"OBJECTID":319656,"PRIMENAME":"Main Street","ELEVTYP_F":0,"ELEVTYP_T":0},"geometry":{"type":"LineString","coordinates":[[-74.0238033116094,40.1843924666898],[-74.0237418323571,40.1845696397828],[-74.023698633157,40.1847482066349],[-74.0236960229452,40.184761258401],[-74.0236793457344,40.1848446239132],[-74.023650306315,40.184994642624],[-74.0235935622836,40.1853943966383]]}},{"type":"Feature","id":319763,"properties":{"OBJECTID":319763,"PRIMENAME":"Marine Place","ELEVTYP_F":0,"ELEVTYP_T":0},"geometry":{"type":"LineString","coordinates":[[-74.0219186061013,40.189079020064],[-74.0219773998874,40.1886482833685],[-74.0219892861806,40.1885612533461]]}},{"type":"Feature","id":322664,"properties":{"OBJECTID":322664,"PRIMENAME":"Jefferson Avenue","ELEVTYP_F":0,"ELEVTYP_T":0},"geometry":{"type":"LineString","coordinates":[[-74.0229968064824,40.1886403271814],[-74.0236011755187,40.1886867399158],[-74.023704893844,40.1887004264209]]}},{"type":"Feature","id":322723,"properties":{"OBJECTID":322723,"PRIMENAME":"Marine Place","ELEVTYP_F":0,"ELEVTYP_T":0},"geometry":{"type":"LineString","coordinates":[[-74.0215279799599,40.190625707507],[-74.0214584444639,40.1911478980935]]}},{"type":"Feature","id":324163,"properties":{"OBJECTID":324163,"PRIMENAME":"Norwood Avenue","ELEVTYP_F":0,"ELEVTYP_T":0},"geometry":{"type":"LineString","coordinates":[[-74.0157655830981,40.1943657485569],[-74.0138150406548,40.1942083413894],[-74.0137085990585,40.1941999602735]]}},{"type":"Feature","id":326704,"properties":{"OBJECTID":326704,"PRIMENAME":"Monmouth Avenue","ELEVTYP_F":0,"ELEVTYP_T":0},"geometry":{"type":"LineString","coordinates":[[-74.0169499083429,40.1973119416364],[-74.0167318914872,40.1972403963505],[-74.0159629731077,40.1969893688236],[-74.015807978255,40.1969362861104],[-74.0156097244813,40.1968448903545],[-74.0152748904746,40.1967338984159],[-74.0144544919669,40.1964642526333]]}},{"type":"Feature","id":327470,"properties":{"OBJECTID":327470,"PRIMENAME":"Steiner Avenue","ELEVTYP_F":0,"ELEVTYP_T":0},"geometry":{"type":"LineString","coordinates":[[-74.0242376858423,40.1964898285726],[-74.0240373093275,40.1970538690331]]}},{"type":"Feature","id":327568,"properties":{"OBJECTID":327568,"PRIMENAME":"Inlet Terrace","ELEVTYP_F":0,"ELEVTYP_T":0},"geometry":{"type":"LineString","coordinates":[[-74.0213836934816,40.1838967687828],[-74.0214704766786,40.1839752575732],[-74.0215816235805,40.184075809968],[-74.0216555760811,40.1841619049452],[-74.0217170761978,40.1842526976963],[-74.0217537354624,40.1843434157217],[-74.0217778387378,40.1844483846055],[-74.0217833309859,40.1845532486872],[-74.0217639804362,40.1846532608832],[-74.021656113707,40.1849721445263],[-74.0215803159592,40.1851434109942],[-74.0214985966949,40.1852812693791],[-74.0213355542039,40.1854903069633],[-74.0211664175115,40.185680238285],[-74.0210037752488,40.1858320922306],[-74.0208538228716,40.1859506437361],[-74.0207039021701,40.1860596146867],[-74.020541626938,40.1861590618685],[-74.0203920060994,40.186225152479],[-74.0199806782699,40.1863950264572],[-74.0197811707272,40.1864847935367],[-74.0195318489099,40.1865933496943],[-74.0194384075089,40.1866263165817],[-74.0192702709932,40.1866732489606]]}},{"type":"Feature","id":328628,"properties":{"OBJECTID":328628,"PRIMENAME":"Garfield Lane","ELEVTYP_F":0,"ELEVTYP_T":0},"geometry":{"type":"LineString","coordinates":[[-74.0205531198743,40.1910746697012],[-74.0213777678992,40.1911413607286],[-74.0214584444639,40.1911478980935]]}},{"type":"Feature","id":329649,"properties":{"OBJECTID":329649,"PRIMENAME":"4th Avenue","ELEVTYP_F":0,"ELEVTYP_T":0},"geometry":{"type":"LineString","coordinates":[[-74.0182792626525,40.1924668514979],[-74.0183483451943,40.1919517440053]]}},{"type":"Feature","id":329672,"properties":{"OBJECTID":329672,"PRIMENAME":"4th Avenue","ELEVTYP_F":0,"ELEVTYP_T":0},"geometry":{"type":"LineString","coordinates":[[-74.0181512156499,40.1934934587982],[-74.0182143263795,40.1929827453336]]}},{"type":"Feature","id":329967,"properties":{"OBJECTID":329967,"PRIMENAME":"Garfield Avenue","ELEVTYP_F":0,"ELEVTYP_T":0},"geometry":{"type":"LineString","coordinates":[[-74.0220040162559,40.1917049146533],[-74.0227672726719,40.1917633136754]]}},{"type":"Feature","id":330393,"properties":{"OBJECTID":330393,"PRIMENAME":"Lincoln Avenue","ELEVTYP_F":0,"ELEVTYP_T":0},"geometry":{"type":"LineString","coordinates":[[-74.0142579259806,40.1900405594179],[-74.016322319577,40.1902139732036]]}},{"type":"Feature","id":331274,"properties":{"OBJECTID":331274,"PRIMENAME":"FR NJ 71 to RT 35 NB","ELEVTYP_F":0,"ELEVTYP_T":0},"geometry":{"type":"LineString","coordinates":[[-74.0234426444394,40.1928029113157],[-74.0236792540468,40.1929275315229],[-74.0237512455821,40.1929797137822],[-74.0237693930548,40.1929928680364],[-74.0237845794479,40.1930038755078],[-74.0238449102362,40.1930476046434],[-74.024194810094,40.1933225818028]]}},{"type":"Feature","id":331405,"properties":{"OBJECTID":331405,"PRIMENAME":"2nd Avenue","ELEVTYP_F":0,"ELEVTYP_T":0},"geometry":{"type":"LineString","coordinates":[[-74.0143939830922,40.1890173111926],[-74.0144513357023,40.1885644463618]]}},{"type":"Feature","id":333303,"properties":{"OBJECTID":333303,"PRIMENAME":"Ocean Avenue","ELEVTYP_F":0,"ELEVTYP_T":0},"geometry":{"type":"LineString","coordinates":[[-74.0090126456308,40.1938298982437],[-74.0088762448752,40.1943424094779],[-74.0088601078081,40.1944107256088]]}},{"type":"Feature","id":334135,"properties":{"OBJECTID":334135,"PRIMENAME":"Ocean Avenue","ELEVTYP_F":0,"ELEVTYP_T":0},"geometry":{"type":"LineString","coordinates":[[-74.0090639417416,40.1958358586187],[-74.0090597639746,40.1958593124662],[-74.008932549698,40.1962639185699],[-74.0087358371896,40.1968533694133]]}},{"type":"Feature","id":334719,"properties":{"OBJECTID":334719,"PRIMENAME":"Rosewood Place","ELEVTYP_F":0,"ELEVTYP_T":0},"geometry":{"type":"LineString","coordinates":[[-74.0240373093275,40.1970538690331],[-74.0243069181082,40.1971104254179],[-74.0244053306319,40.1971310688187],[-74.0249379141083,40.1972459758877]]}},{"type":"Feature","id":335348,"properties":{"OBJECTID":335348,"PRIMENAME":"Marine Place","ELEVTYP_F":0,"ELEVTYP_T":0},"geometry":{"type":"LineString","coordinates":[[-74.0214584444639,40.1911478980935],[-74.0214216210823,40.1914244413381],[-74.0214059896406,40.191541846349],[-74.0213906404449,40.1916578528733]]}},{"type":"Feature","id":335620,"properties":{"OBJECTID":335620,"PRIMENAME":"Ocean Avenue","ELEVTYP_F":0,"ELEVTYP_T":0},"geometry":{"type":"LineString","coordinates":[[-74.0095540823723,40.191759411665],[-74.0094575358919,40.1921620346858],[-74.0092875653137,40.1927983794543]]}},{"type":"Feature","id":336104,"properties":{"OBJECTID":336104,"PRIMENAME":"3rd Avenue","ELEVTYP_F":0,"ELEVTYP_T":0},"geometry":{"type":"LineString","coordinates":[[-74.0160405254411,40.1922896140035],[-74.0159698785681,40.1928056754387]]}},{"type":"Feature","id":337163,"properties":{"OBJECTID":337163,"PRIMENAME":"5th Avenue","ELEVTYP_F":0,"ELEVTYP_T":0},"geometry":{"type":"LineString","coordinates":[[-74.0203495935554,40.1926274529757],[-74.0202863400983,40.1931200752194],[-74.0202828653489,40.1931458390308]]}},{"type":"Feature","id":337327,"properties":{"OBJECTID":337327,"PRIMENAME":"Sylvania Avenue","ELEVTYP_F":0,"ELEVTYP_T":0},"geometry":{"type":"LineString","coordinates":[[-74.0203495935554,40.1926274529757],[-74.0195845729182,40.1925701718423],[-74.0182792626525,40.1924668514979]]}},{"type":"Feature","id":339802,"properties":{"OBJECTID":339802,"PRIMENAME":"Woodland Avenue","ELEVTYP_F":0,"ELEVTYP_T":0},"geometry":{"type":"LineString","coordinates":[[-74.0181512156499,40.1934934587982],[-74.0200153875219,40.1936479921989],[-74.0202132067599,40.1936634166584]]}},{"type":"Feature","id":340009,"properties":{"OBJECTID":340009,"PRIMENAME":"1st Avenue","ELEVTYP_F":0,"ELEVTYP_T":0},"geometry":{"type":"LineString","coordinates":[[-74.0118349167695,40.1924811730253],[-74.0118060391045,40.1926842830653],[-74.0117683573916,40.1929819024676]]}},{"type":"Feature","id":341594,"properties":{"OBJECTID":341594,"PRIMENAME":"1st Avenue","ELEVTYP_F":0,"ELEVTYP_T":0},"geometry":{"type":"LineString","coordinates":[[-74.0116333890235,40.1940364471527],[-74.0115540318467,40.1946240644299]]}},{"type":"Feature","id":341991,"properties":{"OBJECTID":341991,"PRIMENAME":"Albany Road","ELEVTYP_F":0,"ELEVTYP_T":0},"geometry":{"type":"LineString","coordinates":[[-74.0259536146957,40.1910844190543],[-74.0272785576236,40.1913741358546]]}},{"type":"Feature","id":342286,"properties":{"OBJECTID":342286,"PRIMENAME":"Lincoln Lane","ELEVTYP_F":0,"ELEVTYP_T":0},"geometry":{"type":"LineString","coordinates":[[-74.0186252177693,40.1898733586435],[-74.0177205867437,40.1898012089236],[-74.0163912131964,40.1896969438705]]}},{"type":"Feature","id":345999,"properties":{"OBJECTID":345999,"PRIMENAME":"Boston Road","ELEVTYP_F":0,"ELEVTYP_T":0},"geometry":{"type":"LineString","coordinates":[[-74.0245946067621,40.1916507118241],[-74.0257925549565,40.1919081617283]]}},{"type":"Feature","id":346476,"properties":{"OBJECTID":346476,"PRIMENAME":"Garfield Lane","ELEVTYP_F":0,"ELEVTYP_T":0},"geometry":{"type":"LineString","coordinates":[[-74.0162533884697,40.1907311671148],[-74.0180237313801,40.1908701045982],[-74.0184874991815,40.1909076129355]]}},{"type":"Feature","id":350188,"properties":{"OBJECTID":350188,"PRIMENAME":"State Highway 35","ELEVTYP_F":1,"ELEVTYP_T":0},"geometry":{"type":"LineString","coordinates":[[-74.0243044862108,40.1909260059884],[-74.0243059143772,40.1909880269409]]}},{"type":"Feature","id":350863,"properties":{"OBJECTID":350863,"PRIMENAME":"State Highway 35","ELEVTYP_F":0,"ELEVTYP_T":0},"geometry":{"type":"LineString","coordinates":[[-74.0252951915741,40.1898346029427],[-74.0253177509429,40.1897471624132],[-74.0253272804368,40.1896394672067],[-74.0253323977849,40.1895351215322],[-74.0253376078285,40.1894173075362],[-74.025329674263,40.1892960747242],[-74.0253136387604,40.1891909803163]]}},{"type":"Feature","id":350980,"properties":{"OBJECTID":350980,"PRIMENAME":"Memorial Drive","ELEVTYP_F":0,"ELEVTYP_T":0},"geometry":{"type":"LineString","coordinates":[[-74.0233623062007,40.1921803673648],[-74.0233727348186,40.1921529298091],[-74.0233711963232,40.1920784358585],[-74.0233704081829,40.1920403646875],[-74.023480212316,40.1917302657931]]}},{"type":"Feature","id":352066,"properties":{"OBJECTID":352066,"PRIMENAME":"Laird Avenue","ELEVTYP_F":1,"ELEVTYP_T":0},"geometry":{"type":"LineString","coordinates":[[-74.0258793003275,40.1857313738693],[-74.0259958822838,40.1853918766892]]}},{"type":"Feature","id":352458,"properties":{"OBJECTID":352458,"PRIMENAME":"Main Street","ELEVTYP_F":0,"ELEVTYP_T":0},"geometry":{"type":"LineString","coordinates":[[-74.020624259799,40.1957706522901],[-74.0207011900405,40.1956744752871],[-74.0207481222723,40.1955473718859]]}},{"type":"Feature","id":352701,"properties":{"OBJECTID":352701,"PRIMENAME":"Main Street","ELEVTYP_F":0,"ELEVTYP_T":0},"geometry":{"type":"LineString","coordinates":[[-74.0215957422066,40.1927350629276],[-74.0214311486665,40.1932283928142]]}},{"type":"Feature","id":352723,"properties":{"OBJECTID":352723,"PRIMENAME":"Main Street","ELEVTYP_F":0,"ELEVTYP_T":0},"geometry":{"type":"LineString","coordinates":[[-74.0210193358209,40.1947793265385],[-74.0211812456587,40.1942612519565]]}},{"type":"Feature","id":352830,"properties":{"OBJECTID":352830,"PRIMENAME":"Main Street","ELEVTYP_F":0,"ELEVTYP_T":0},"geometry":{"type":"LineString","coordinates":[[-74.0207481222723,40.1955473718859],[-74.0207794448798,40.1954586734484],[-74.0210193358209,40.1947793265385]]}},{"type":"Feature","id":352856,"properties":{"OBJECTID":352856,"PRIMENAME":"Main Street","ELEVTYP_F":0,"ELEVTYP_T":0},"geometry":{"type":"LineString","coordinates":[[-74.0232492666859,40.187679893293],[-74.0231595845781,40.1878047899004],[-74.0231401516166,40.1878685902719],[-74.0229071864292,40.1886334234864]]}},{"type":"Feature","id":353091,"properties":{"OBJECTID":353091,"PRIMENAME":"Laird Avenue","ELEVTYP_F":1,"ELEVTYP_T":0},"geometry":{"type":"LineString","coordinates":[[-74.0257763594015,40.1857159136616],[-74.0257365168844,40.1858308334201],[-74.0255403033398,40.1863930401522]]}},{"type":"Feature","id":353351,"properties":{"OBJECTID":353351,"PRIMENAME":"Main Street","ELEVTYP_F":0,"ELEVTYP_T":0},"geometry":{"type":"LineString","coordinates":[[-74.0211042161508,40.194239630575],[-74.0209287311946,40.1947688496607]]}},{"type":"Feature","id":353817,"properties":{"OBJECTID":353817,"PRIMENAME":"State Highway 35","ELEVTYP_F":0,"ELEVTYP_T":0},"geometry":{"type":"LineString","coordinates":[[-74.0255403033398,40.1863930401522],[-74.0254432294416,40.1866711825802],[-74.0254169366329,40.1867465181069],[-74.0252787825379,40.1871499768145],[-74.0252520067399,40.187228169061],[-74.0252064217716,40.1873588007605]]}},{"type":"Feature","id":354146,"properties":{"OBJECTID":354146,"PRIMENAME":"Main Street","ELEVTYP_F":0,"ELEVTYP_T":0},"geometry":{"type":"LineString","coordinates":[[-74.0222080903915,40.1910833240091],[-74.0223261986742,40.1906884114381]]}},{"type":"Feature","id":354233,"properties":{"OBJECTID":354233,"PRIMENAME":"State Highway 35","ELEVTYP_F":0,"ELEVTYP_T":0},"geometry":{"type":"LineString","coordinates":[[-74.024194810094,40.1933225818028],[-74.0242358794389,40.1933623640688],[-74.0243230160269,40.193443726124],[-74.0243324769565,40.1934525600867],[-74.0244396722094,40.193552652039],[-74.0244757851213,40.1935845905975]]}},{"type":"Feature","id":354260,"properties":{"OBJECTID":354260,"PRIMENAME":"Laird Street","ELEVTYP_F":0,"ELEVTYP_T":0},"geometry":{"type":"LineString","coordinates":[[-74.0213568076897,40.1937655369499],[-74.0222506669475,40.1939432395611],[-74.0223051805132,40.1939544725629]]}},{"type":"Feature","id":354454,"properties":{"OBJECTID":354454,"PRIMENAME":"Laird Avenue","ELEVTYP_F":0,"ELEVTYP_T":0},"geometry":{"type":"LineString","coordinates":[[-74.0259958822838,40.1853918766892],[-74.0264382733127,40.1841035703592]]}},{"type":"Feature","id":354721,"properties":{"OBJECTID":354721,"PRIMENAME":"State Highway 35","ELEVTYP_F":0,"ELEVTYP_T":0},"geometry":{"type":"LineString","coordinates":[[-74.0245143381693,40.1890944316582],[-74.0244420038903,40.1893129482262],[-74.0243698239252,40.1895309943209],[-74.0243596467399,40.1895634083436],[-74.0243317120432,40.1896523703588],[-74.0243077608756,40.189745199121],[-74.0242930653727,40.1898452307815],[-74.0242877132002,40.1899453017327],[-74.0242861399155,40.1901704892992],[-74.0242902295686,40.1903254285469]]}},{"type":"Feature","id":354744,"properties":{"OBJECTID":354744,"PRIMENAME":"Main Street","ELEVTYP_F":0,"ELEVTYP_T":0},"geometry":{"type":"LineString","coordinates":[[-74.0229968064824,40.1886403271814],[-74.0232371121439,40.187886338427],[-74.0232506975392,40.1878437086563],[-74.0232492666859,40.187679893293]]}},{"type":"Feature","id":355386,"properties":{"OBJECTID":355386,"PRIMENAME":"Seaview Circle","ELEVTYP_F":0,"ELEVTYP_T":0},"geometry":{"type":"LineString","coordinates":[[-74.0265981197884,40.1858814579602],[-74.0260624867547,40.1857665423614],[-74.0258793003275,40.1857313738693]]}},{"type":"Feature","id":357542,"properties":{"OBJECTID":357542,"PRIMENAME":"Main Street","ELEVTYP_F":0,"ELEVTYP_T":0},"geometry":{"type":"LineString","coordinates":[[-74.0212645052458,40.193753338431],[-74.0211042161508,40.194239630575]]}},{"type":"Feature","id":363278,"properties":{"OBJECTID":363278,"PRIMENAME":"State Highway 35","ELEVTYP_F":0,"ELEVTYP_T":0},"geometry":{"type":"LineString","coordinates":[[-74.0244013549834,40.1934008192033],[-74.0243332875148,40.1933365457034],[-74.0242737177742,40.1932802987705],[-74.0242043065009,40.1932085269583],[-74.0241812019644,40.193178325142],[-74.0241469804619,40.1931335929741],[-74.0241120906926,40.1930651748054],[-74.0240846681831,40.1929935755172],[-74.024062053282,40.1928898211809],[-74.0240582883711,40.1927575389038],[-74.0240776890436,40.19265038882],[-74.0240968887227,40.1925718163178],[-74.0241489231199,40.1924612589133],[-74.0242858399679,40.1922115357733],[-74.0243418601966,40.1921095051303],[-74.0244463939083,40.191919111286],[-74.0245946067621,40.1916507118241]]}},{"type":"Feature","id":363318,"properties":{"OBJECTID":363318,"PRIMENAME":"Main Street","ELEVTYP_F":0,"ELEVTYP_T":0},"geometry":{"type":"LineString","coordinates":[[-74.0223261986742,40.1906884114381],[-74.0224738543917,40.1902756935609]]}},{"type":"Feature","id":365092,"properties":{"OBJECTID":365092,"PRIMENAME":"State Highway 35","ELEVTYP_F":0,"ELEVTYP_T":0},"geometry":{"type":"LineString","coordinates":[[-74.0251072372684,40.1941016993603],[-74.0254821313906,40.1944541908087],[-74.0258155936846,40.1947629168777],[-74.0259853401998,40.1949135860692]]}},{"type":"Feature","id":365347,"properties":{"OBJECTID":365347,"PRIMENAME":"Seaview Circle","ELEVTYP_F":0,"ELEVTYP_T":0},"geometry":{"type":"LineString","coordinates":[[-74.0255512938129,40.1866865424895],[-74.0256001122963,40.1865443817268]]}},{"type":"Feature","id":366913,"properties":{"OBJECTID":366913,"PRIMENAME":"State Highway 35","ELEVTYP_F":0,"ELEVTYP_T":0},"geometry":{"type":"LineString","coordinates":[[-74.0245946067621,40.1916507118241],[-74.0247070451504,40.191437976519],[-74.0247571972608,40.1913430864373]]}},{"type":"Feature","id":370307,"properties":{"OBJECTID":370307,"PRIMENAME":"Main Street","ELEVTYP_F":0,"ELEVTYP_T":0},"geometry":{"type":"LineString","coordinates":[[-74.0213568076897,40.1937655369499],[-74.0215136510385,40.193250393268]]}},{"type":"Feature","id":370800,"properties":{"OBJECTID":370800,"PRIMENAME":"Seaview Circle","ELEVTYP_F":0,"ELEVTYP_T":0},"geometry":{"type":"LineString","coordinates":[[-74.0257763594015,40.1857159136616],[-74.0256746213832,40.185719794903],[-74.0256509239837,40.1857275898664],[-74.0256303541472,40.1857395146798],[-74.0256141115625,40.1857548738566],[-74.0256031435439,40.1857727716086],[-74.0252952895851,40.186653490245],[-74.0250556146382,40.1873391427939],[-74.025012559216,40.1874623091831],[-74.0248378489203,40.1879298535015],[-74.0247455083306,40.1882019693553],[-74.0246507988358,40.1884951980367],[-74.0246709145788,40.1886372469021]]}},{"type":"Feature","id":372244,"properties":{"OBJECTID":372244,"PRIMENAME":"Main Street","ELEVTYP_F":0,"ELEVTYP_T":0},"geometry":{"type":"LineString","coordinates":[[-74.0211812456587,40.1942612519565],[-74.0213568076897,40.1937655369499]]}},{"type":"Feature","id":372755,"properties":{"OBJECTID":372755,"PRIMENAME":"State Highway 35","ELEVTYP_F":0,"ELEVTYP_T":0},"geometry":{"type":"LineString","coordinates":[[-74.0251549844396,40.1882439584327],[-74.0251527720102,40.1882247433527],[-74.0251405642089,40.1880866593457],[-74.0251453295611,40.1880328112869],[-74.0251638274557,40.187898219945],[-74.0251910811981,40.1877670312332],[-74.0252540860834,40.1875450875332],[-74.0253123859412,40.187380940672],[-74.0253257267389,40.1873433795523],[-74.0255512938129,40.1866865424895]]}},{"type":"Feature","id":373540,"properties":{"OBJECTID":373540,"PRIMENAME":"State Highway 35","ELEVTYP_F":0,"ELEVTYP_T":0},"geometry":{"type":"LineString","coordinates":[[-74.0244757851213,40.1935845905975],[-74.0246063946239,40.1936999063006],[-74.0247555230041,40.19381954276],[-74.0250177652705,40.1940299232067],[-74.0251072372684,40.1941016993603]]}},{"type":"Feature","id":375048,"properties":{"OBJECTID":375048,"PRIMENAME":"Main Street","ELEVTYP_F":0,"ELEVTYP_T":0},"geometry":{"type":"LineString","coordinates":[[-74.0222436861994,40.1906834856149],[-74.0221224409919,40.1910764919335]]}},{"type":"Feature","id":379357,"properties":{"OBJECTID":379357,"PRIMENAME":"FR CO 40 A SB TO NJ 35 SB","ELEVTYP_F":0,"ELEVTYP_T":0},"geometry":{"type":"LineString","coordinates":[[-74.0232122705191,40.1925750395259],[-74.0234528783658,40.1920618151187],[-74.0234903818422,40.1919680525153]]}},{"type":"Feature","id":379383,"properties":{"OBJECTID":379383,"PRIMENAME":"Main Street","ELEVTYP_F":0,"ELEVTYP_T":0},"geometry":{"type":"LineString","coordinates":[[-74.0221224409919,40.1910764919335],[-74.0220091545203,40.1914268686852],[-74.0219212974795,40.1916985889991]]}},{"type":"Feature","id":379540,"properties":{"OBJECTID":379540,"PRIMENAME":"State Highway 35","ELEVTYP_F":0,"ELEVTYP_T":0},"geometry":{"type":"LineString","coordinates":[[-74.0250051086353,40.190753015125],[-74.0250487212008,40.1906255449695],[-74.0250663338197,40.1905740616777],[-74.0251472703095,40.190327732073],[-74.02518369368,40.1902208118967],[-74.0252044261078,40.1901599563393],[-74.0252181145708,40.1901029411905],[-74.0252228039502,40.1900866140668],[-74.0252951915741,40.1898346029427]]}},{"type":"Feature","id":379846,"properties":{"OBJECTID":379846,"PRIMENAME":"State Highway 35","ELEVTYP_F":0,"ELEVTYP_T":1},"geometry":{"type":"LineString","coordinates":[[-74.0242902295686,40.1903254285469],[-74.0242934979065,40.1904493280492],[-74.0242970622871,40.190604314668],[-74.0242995386141,40.1907119753396],[-74.0243023938525,40.1908361721602]]}},{"type":"Feature","id":379985,"properties":{"OBJECTID":379985,"PRIMENAME":"Main Street","ELEVTYP_F":0,"ELEVTYP_T":0},"geometry":{"type":"LineString","coordinates":[[-74.0224738543917,40.1902756935609],[-74.0226622334791,40.1896604329037]]}},{"type":"Feature","id":380773,"properties":{"OBJECTID":380773,"PRIMENAME":"Laird Avenue","ELEVTYP_F":0,"ELEVTYP_T":1},"geometry":{"type":"LineString","coordinates":[[-74.0256001122963,40.1865443817268],[-74.0258793003275,40.1857313738693]]}},{"type":"Feature","id":381233,"properties":{"OBJECTID":381233,"PRIMENAME":"Main Street","ELEVTYP_F":0,"ELEVTYP_T":0},"geometry":{"type":"LineString","coordinates":[[-74.0226622334791,40.1896604329037],[-74.0229968064824,40.1886403271814]]}},{"type":"Feature","id":381713,"properties":{"OBJECTID":381713,"PRIMENAME":"Main Street","ELEVTYP_F":0,"ELEVTYP_T":0},"geometry":{"type":"LineString","coordinates":[[-74.0223839507161,40.1902682397782],[-74.0222436861994,40.1906834856149]]}},{"type":"Feature","id":382155,"properties":{"OBJECTID":382155,"PRIMENAME":"Seaview Circle","ELEVTYP_F":0,"ELEVTYP_T":0},"geometry":{"type":"LineString","coordinates":[[-74.0258793003275,40.1857313738693],[-74.0257763594015,40.1857159136616]]}},{"type":"Feature","id":382327,"properties":{"OBJECTID":382327,"PRIMENAME":"Woodland Avenue","ELEVTYP_F":0,"ELEVTYP_T":0},"geometry":{"type":"LineString","coordinates":[[-74.0212645052458,40.193753338431],[-74.0213568076897,40.1937655369499]]}},{"type":"Feature","id":382547,"properties":{"OBJECTID":382547,"PRIMENAME":"Main Street","ELEVTYP_F":0,"ELEVTYP_T":0},"geometry":{"type":"LineString","coordinates":[[-74.0225799469407,40.1896541095042],[-74.0223839507161,40.1902682397782]]}},{"type":"Feature","id":382787,"properties":{"OBJECTID":382787,"PRIMENAME":"Main Street","ELEVTYP_F":0,"ELEVTYP_T":0},"geometry":{"type":"LineString","coordinates":[[-74.0214311486665,40.1932283928142],[-74.0212645052458,40.193753338431]]}},{"type":"Feature","id":383710,"properties":{"OBJECTID":383710,"PRIMENAME":"State Highway 35","ELEVTYP_F":0,"ELEVTYP_T":0},"geometry":{"type":"LineString","coordinates":[[-74.0246709145788,40.1886372469021],[-74.0245143381693,40.1890944316582]]}},{"type":"Feature","id":391194,"properties":{"OBJECTID":391194,"PRIMENAME":"State Highway 35","ELEVTYP_F":1,"ELEVTYP_T":1},"geometry":{"type":"LineString","coordinates":[[-74.0243023938525,40.1908361721602],[-74.0243044862108,40.1909260059884]]}},{"type":"Feature","id":394453,"properties":{"OBJECTID":394453,"PRIMENAME":"State Highway 35","ELEVTYP_F":0,"ELEVTYP_T":0},"geometry":{"type":"LineString","coordinates":[[-74.0253136387604,40.1891909803163],[-74.0253044866745,40.1891310037418],[-74.0252445179176,40.1887823756712]]}},{"type":"Feature","id":395563,"properties":{"OBJECTID":395563,"PRIMENAME":"Main Street","ELEVTYP_F":0,"ELEVTYP_T":0},"geometry":{"type":"LineString","coordinates":[[-74.0229071864292,40.1886334234864],[-74.0225799469407,40.1896541095042]]}},{"type":"Feature","id":396138,"properties":{"OBJECTID":396138,"PRIMENAME":"Main Street","ELEVTYP_F":0,"ELEVTYP_T":0},"geometry":{"type":"LineString","coordinates":[[-74.020676620383,40.1954981548285],[-74.0206190352134,40.195663620642],[-74.020624259799,40.1957706522901]]}},{"type":"Feature","id":396436,"properties":{"OBJECTID":396436,"PRIMENAME":"Main Street","ELEVTYP_F":0,"ELEVTYP_T":0},"geometry":{"type":"LineString","coordinates":[[-74.0209287311946,40.1947688496607],[-74.020676620383,40.1954981548285]]}},{"type":"Feature","id":396658,"properties":{"OBJECTID":396658,"PRIMENAME":"State Highway 35","ELEVTYP_F":0,"ELEVTYP_T":0},"geometry":{"type":"LineString","coordinates":[[-74.0251072372684,40.1941016993603],[-74.02503153778,40.1940217727665],[-74.0248155174713,40.1937936919857],[-74.0248072456831,40.1937857708241],[-74.0245793605354,40.1935675284999],[-74.0245565965361,40.1935462079104],[-74.0244013549834,40.1934008192033]]}},{"type":"Feature","id":396869,"properties":{"OBJECTID":396869,"PRIMENAME":"State Highway 35","ELEVTYP_F":0,"ELEVTYP_T":0},"geometry":{"type":"LineString","coordinates":[[-74.0252445179176,40.1887823756712],[-74.0252033551849,40.1885430667111],[-74.0251990167569,40.1885178354081],[-74.0251651887898,40.1883325285866],[-74.0251549844396,40.1882439584327]]}},{"type":"Feature","id":397322,"properties":{"OBJECTID":397322,"PRIMENAME":"Main Street","ELEVTYP_F":0,"ELEVTYP_T":0},"geometry":{"type":"LineString","coordinates":[[-74.0219212974795,40.1916985889991],[-74.0215957422066,40.1927350629276]]}},{"type":"Feature","id":397512,"properties":{"OBJECTID":397512,"PRIMENAME":"Main Street","ELEVTYP_F":0,"ELEVTYP_T":0},"geometry":{"type":"LineString","coordinates":[[-74.0220040162559,40.1917049146533],[-74.0220951857007,40.1914272238658],[-74.0222080903915,40.1910833240091]]}},{"type":"Feature","id":397557,"properties":{"OBJECTID":397557,"PRIMENAME":"Memorial Drive","ELEVTYP_F":0,"ELEVTYP_T":0},"geometry":{"type":"LineString","coordinates":[[-74.0241237957085,40.1899595315265],[-74.024297060221,40.1895642374023],[-74.0243227869777,40.1895055443249],[-74.0243606181039,40.1894243507641],[-74.0244138748451,40.1893100477856],[-74.0245143381693,40.1890944316582]]}},{"type":"Feature","id":397692,"properties":{"OBJECTID":397692,"PRIMENAME":"Garfield Avenue","ELEVTYP_F":0,"ELEVTYP_T":0},"geometry":{"type":"LineString","coordinates":[[-74.0219212974795,40.1916985889991],[-74.0220040162559,40.1917049146533]]}},{"type":"Feature","id":397849,"properties":{"OBJECTID":397849,"PRIMENAME":"State Highway 35","ELEVTYP_F":0,"ELEVTYP_T":0},"geometry":{"type":"LineString","coordinates":[[-74.0247571972608,40.1913430864373],[-74.0248153753491,40.1912242992398],[-74.0248384327795,40.191177221923],[-74.0249189455809,40.1909916701258],[-74.0249614562135,40.1908772525744],[-74.024975966326,40.190838196693],[-74.0250051086353,40.190753015125]]}},{"type":"Feature","id":397969,"properties":{"OBJECTID":397969,"PRIMENAME":"Memorial Drive","ELEVTYP_F":0,"ELEVTYP_T":0},"geometry":{"type":"LineString","coordinates":[[-74.023480212316,40.1917302657931],[-74.023585074399,40.1914341213122],[-74.0235853415855,40.1914333658448],[-74.0236352802348,40.1912923274861],[-74.0237429672224,40.1909919018441],[-74.0239528895762,40.1904062519037],[-74.0240646257885,40.1900945228761],[-74.0241237957085,40.1899595315265]]}},{"type":"Feature","id":398122,"properties":{"OBJECTID":398122,"PRIMENAME":"Main Street","ELEVTYP_F":0,"ELEVTYP_T":0},"geometry":{"type":"LineString","coordinates":[[-74.0215136510385,40.193250393268],[-74.0216783950862,40.192750942901]]}},{"type":"Feature","id":398276,"properties":{"OBJECTID":398276,"PRIMENAME":"Memorial Drive","ELEVTYP_F":0,"ELEVTYP_T":0},"geometry":{"type":"LineString","coordinates":[[-74.0232122705191,40.1925750395259],[-74.0233623062007,40.1921803673648]]}},{"type":"Feature","id":398471,"properties":{"OBJECTID":398471,"PRIMENAME":"Laird Avenue","ELEVTYP_F":0,"ELEVTYP_T":1},"geometry":{"type":"LineString","coordinates":[[-74.0258865981787,40.1853952939965],[-74.0257798323723,40.1857059006622],[-74.0257763594015,40.1857159136616]]}},{"type":"Feature","id":398902,"properties":{"OBJECTID":398902,"PRIMENAME":"State Highway 35","ELEVTYP_F":0,"ELEVTYP_T":0},"geometry":{"type":"LineString","coordinates":[[-74.0243059143772,40.1909880269409],[-74.0243078030309,40.1910713813738],[-74.0243094918861,40.1911814850343],[-74.0243134048837,40.1914363597295],[-74.024314223658,40.1914896209092],[-74.0243134745154,40.1915968476955],[-74.0243093769072,40.1916822382665],[-74.0243079858778,40.1917112207755],[-74.0242932264006,40.1918255548572],[-74.0242691483389,40.1919362551472],[-74.0242310995994,40.1920433286406],[-74.0241884962761,40.1921361077023],[-74.0241411898862,40.1922360061641],[-74.0240750836556,40.192357266984],[-74.0240325311814,40.192442881323],[-74.0239852483214,40.1925391825164],[-74.0239566673052,40.1926284506666],[-74.0239374415048,40.1927105653912],[-74.023932338475,40.192774893119],[-74.023936416666,40.1928571306922],[-74.0239542931244,40.1929680025155],[-74.0239954963727,40.193075429698],[-74.0240461085222,40.1931685649114],[-74.0240916617533,40.1932184379098],[-74.0241247622771,40.1932546775266],[-74.024194810094,40.1933225818028]]}},{"type":"Feature","id":399870,"properties":{"OBJECTID":399870,"PRIMENAME":"Seaview Circle","ELEVTYP_F":0,"ELEVTYP_T":0},"geometry":{"type":"LineString","coordinates":[[-74.0252064217716,40.1873588007605],[-74.0251683033357,40.1874680368895],[-74.0251102832967,40.1875898098349],[-74.0250698603723,40.1876830602892],[-74.0249739548957,40.1878904679877],[-74.0249210225075,40.1879951047345],[-74.0248706171339,40.1880940325363],[-74.0248357007424,40.1881712266389],[-74.0248327450221,40.1881777606173],[-74.0247779812345,40.1883058001345],[-74.0247505844235,40.1884029912499],[-74.0246709145788,40.1886372469021]]}},{"type":"Feature","id":400583,"properties":{"OBJECTID":400583,"PRIMENAME":"Laird Avenue","ELEVTYP_F":0,"ELEVTYP_T":0},"geometry":{"type":"LineString","coordinates":[[-74.0262808916347,40.1842182040387],[-74.0262060548442,40.1844391507017],[-74.0261954991237,40.1844711859844],[-74.0259927528871,40.1850864653487],[-74.0258865981787,40.1853952939965]]}},{"type":"Feature","id":400762,"properties":{"OBJECTID":400762,"PRIMENAME":"Garfield Avenue","ELEVTYP_F":0,"ELEVTYP_T":0},"geometry":{"type":"LineString","coordinates":[[-74.0104500074309,40.1907994790844],[-74.0098236008412,40.1907498573995]]}},{"type":"Feature","id":401832,"properties":{"OBJECTID":401832,"PRIMENAME":"Main Street","ELEVTYP_F":0,"ELEVTYP_T":0},"geometry":{"type":"LineString","coordinates":[[-74.0216783950862,40.192750942901],[-74.0220040162559,40.1917049146533]]}},{"type":"Feature","id":434931,"properties":{"OBJECTID":434931,"PRIMENAME":"Belmar Boardwalk","ELEVTYP_F":0,"ELEVTYP_T":0},"geometry":{"type":"LineString","coordinates":[[-74.016959942239,40.1674845980859],[-74.0165664887123,40.1685752114697],[-74.0162017863138,40.1696093727319],[-74.015669695575,40.1710475333153],[-74.0143158567665,40.1747581392818],[-74.0129094413556,40.1786599768817],[-74.0124636464635,40.1799113632283],[-74.012012535217,40.1811105066394],[-74.0115606901467,40.1824097307586],[-74.0110338219017,40.1838827014876],[-74.0105591822491,40.1851905288684],[-74.0104202011561,40.1855815847236]]}},{"type":"Feature","id":434932,"properties":{"OBJECTID":434932,"PRIMENAME":"Avon Boardwalk","ELEVTYP_F":0,"ELEVTYP_T":0},"geometry":{"type":"LineString","coordinates":[[-74.0099007046229,40.1879809296517],[-74.0097979652386,40.1886693301568],[-74.0098081693911,40.1887610332707],[-74.009649605058,40.1901602548213],[-74.009588037789,40.1906627327258],[-74.0095244883739,40.1909374422223],[-74.0093088252743,40.1917142465251],[-74.009174739276,40.1922275273887],[-74.0089308671199,40.1931478795781],[-74.0089259890827,40.1931782296274],[-74.008837531672,40.1931689214734],[-74.0087751216982,40.1934241257574],[-74.0088645580168,40.1934335624053],[-74.0088521004458,40.1935090905445],[-74.0087514773159,40.1939545667442]]}}]}
